{"stats":{"minecraft:killed_by":{"minecraft:player":1},"minecraft:picked_up":{"minecraft:wooden_axe":1,"iceandfire:dragon_skull_lightning":2,"minecraft:iron_chestplate":1,"minecraft:wheat":2,"minecraft:azure_bluet":1,"minecraft:chicken":1,"born_in_chaos_v1:seedof_chaos":1,"minecraft:diamond_sword":1,"minecraft:acacia_button":116,"minecraft:light":128,"minecraft:cornflower":1,"alexscaves:dinosaur_chop":2,"minecraft:netherite_sword":1,"minecraft:beef":3,"apotheosis:glowing_hellshelf":1,"minecraft:enchanted_golden_apple":30,"iceandfire:dragonscales_electric":32,"iceandfire:dragonscales_green":21,"apotheosis:gem":1,"iceandfire:dragonbone":15,"minecraft:acacia_log":63,"minecraft:torch":74,"medieval_craft_weapons:titanite_nugget_1":2,"alexscaves:heavy_bone":3,"iceandfire:lightning_dragon_flesh":2,"minecraft:cake":1,"cataclysm:burning_ashes":64,"tombstone:grave_dust":2,"minecraft:diorite":1,"born_in_chaos_v1:pieceofdarkmetal":2,"minecraft:carrot":1,"minecraft:redstone":3,"minecraft:arrow":64,"minecraft:rotten_flesh":10,"born_in_chaos_v1:magical_holiday_candy":64,"minecraft:diamond_boots":1,"iceandfire:fire_dragon_heart":1,"alexscaves:dreadbow":1,"tombstone:essence_of_undeath":1,"minecraft:gold_ingot":6,"minecraft:mutton":1,"minecraft:cobblestone":278,"minecraft:oxeye_daisy":1,"minecraft:birch_log":50,"minecraft:feather":1,"minecraft:jungle_log":64,"structure_gel:building_tool":5,"minecraft:oak_log":64,"aquamirae:abyssal_amethyst":1,"minecraft:bat_spawn_egg":1,"cataclysm:gauntlet_of_guard":1,"minecraft:dirt":57,"minecraft:white_banner":1,"minecraft:leather_boots":1,"minecraft:bone":1,"minecraft:kelp":151,"minecraft:bow":1,"minecraft:wheat_seeds":5,"minecraft:iron_ingot":26,"world:dragonb_chestplate":1,"minecraft:cooked_chicken":50,"minecraft:diamond_helmet":1,"minecraft:iron_sword":1,"iceandfire:sea_serpent_scales_deepblue":5,"iceandfire:fire_dragon_flesh":3,"warriorsofpastepoch:batwing":2,"world:dragonb_helmet":1,"minecraft:dandelion":12,"minecraft:gravel":10,"magistuarmory:rustednorman_helmet":1,"minecraft:spruce_log":72,"iceandfire:lightning_dragon_heart":2,"minecraft:dark_oak_log":60,"iceandfire:dragonscales_copper":16,"cataclysm:tidal_claws":1,"minecraft:diamond":19,"minecraft:golden_apple":1,"minecraft:bread":59,"minecraft:baked_potato":60,"minecraft:oak_sapling":2,"minecraft:coal":4,"minecraft:sunflower":4},"minecraft:used":{"minecraft:cherry_sapling":60,"born_in_chaos_v1:supreme_bonescaller_not_despawn_spawn_egg":1,"minecraft:netherite_sword":9,"born_in_chaos_v1:dark_metal_armor_helmet":1,"minecraft:flint_and_steel":45,"alexscaves:spawn_egg_luxtructosaurus":3,"minecraft:oak_sign":1,"minecraft:chest":151,"minecraft:iron_sword":3,"structure_gel:data_handler":1,"minecraft:cooked_chicken":8,"minecraft:torch":39,"minecraft:dirt":9,"minecraft:soul_sand":12,"plushie_buddies:plushie_warden":6,"minecraft:nether_bricks":1,"conjurer_illager:conjurer_hat":1,"alexscaves:spawn_egg_nucleeper":2,"world:dragonb_chestplate":1,"cataclysm:altar_of_void":1,"minecraft:milk_bucket":1,"minecraft:obsidian":49,"born_in_chaos_v1:supreme_measure":14,"minecraft:glass":11,"minecraft:sea_lantern":8,"alexscaves:spawn_egg_tremorsaurus":1,"minecraft:grass_block":64,"iceandfire:dragonsteel_fire_sword":27,"minecraft:stone_brick_stairs":1,"minecraft:stone_bricks":395,"iceandfire:spawn_egg_lightning_dragon":10,"iceandfire:dread_queen_sword":57,"cardinal_sins:greatswordofwrath":2,"minecraft:enchanted_golden_apple":13,"cataclysm:altar_of_amethyst":4,"world:blooddragon_spawn_egg":1,"minecraft:sandstone_stairs":12,"minecraft:polished_andesite":157,"structure_gel:dynamic_spawner":1,"world:dragonb_helmet":1,"born_in_chaos_v1:dark_metal_armor_leggings":1,"minecraft:polished_blackstone_bricks":1,"alexscaves:darkened_apple":1,"cataclysm:altar_of_abyss":2,"minecraft:sand":6,"minecraft:campfire":1,"structure_gel:orange_gel":5,"alexscaves:cloak_of_darkness":4,"born_in_chaos_v1:dark_metal_armor_boots":1,"born_in_chaos_v1:dark_metal_armor_chestplate":1,"alexscaves:hood_of_darkness":4,"minecraft:light":370,"conjurer_illager:throwable_ball":18,"born_in_chaos_v1:magical_holiday_candy":18,"cataclysm:altar_of_fire":1,"minecraft:gravel":1,"minecraft:pink_petals":24,"minecraft:pink_bed":10,"minecraft:cobblestone":11,"minecraft:white_banner":39,"minecraft:andesite":11,"minecraft:chain":1,"minecraft:glass_pane":125,"plushie_buddies:plushie_wolf":2,"alexscaves:nuclear_bomb":2,"minecraft:kelp":111,"minecraft:bone_meal":44},"minecraft:killed":{"born_in_chaos_v1:maggot":1,"minecraft:skeleton":1,"iceandfire:fire_dragon":1,"realmrpg_demons:chort":2,"antlers:wendigo":2,"born_in_chaos_v1:fallen_chaos_knight":1,"minecraft:husk":2,"cataclysm:ender_guardian":1,"minecraft:zombie":4,"alexsmobs:fly":1,"iceandfire:lightning_dragon":2,"minecraft:enderman":1},"minecraft:mined":{"minecraft:glass":4},"minecraft:dropped":{"magistuarmory:rustednorman_helmet":1,"alexscaves:cloak_of_darkness":2,"minecraft:milk_bucket":1,"cardinal_sins:greatswordofwrath":1,"born_in_chaos_v1:dark_metal_armor_chestplate":2,"structure_gel:building_tool":5,"minecraft:bone":1,"alexscaves:hood_of_darkness":1,"cardinal_sins:greataxeofgluttony":1,"minecraft:netherite_sword":1,"world:dragonb_chestplate":1,"cardinal_sins:dragongreatsword":1,"born_in_chaos_v1:dark_metal_armor_boots":2,"minecraft:light":192,"minecraft:diamond_sword":1,"cataclysm:gauntlet_of_guard":1,"alexscaves:dreadbow":1,"medieval_craft_weapons:titanite_nugget_1":1,"world:dragonb_helmet":1,"born_in_chaos_v1:dark_metal_armor_leggings":2,"minecraft:glass":1,"born_in_chaos_v1:dark_metal_armor_helmet":2,"born_in_chaos_v1:supreme_measure":1},"minecraft:custom":{"minecraft:mob_kills":19,"minecraft:damage_dealt_resisted":0,"minecraft:leave_game":12,"minecraft:time_since_death":11668,"minecraft:climb_one_cm":56,"minecraft:damage_resisted":6314,"minecraft:sprint_one_cm":201973,"minecraft:walk_one_cm":539921,"minecraft:drop":34,"minecraft:play_time":365722,"minecraft:deaths":7,"minecraft:sneak_time":10985,"minecraft:walk_under_water_one_cm":188603,"minecraft:jump":1567,"minecraft:walk_on_water_one_cm":12560,"minecraft:total_world_time":365722,"minecraft:sleep_in_bed":2,"minecraft:time_since_rest":11459,"minecraft:damage_taken":26681,"minecraft:damage_absorbed":573,"minecraft:damage_dealt":44727,"minecraft:swim_one_cm":3957,"minecraft:fly_one_cm":3697036,"minecraft:player_kills":1,"minecraft:open_chest":16,"minecraft:crouch_one_cm":7025,"tombstone:undead_killed":8,"minecraft:fall_one_cm":8033}},"DataVersion":3465}