{"stats":{"minecraft:picked_up":{"minecraft:wooden_axe":1,"minecraft:birch_log":50,"minecraft:iron_chestplate":1,"minecraft:feather":1,"minecraft:wheat":2,"minecraft:azure_bluet":1,"minecraft:chicken":1,"minecraft:jungle_log":64,"minecraft:diamond_sword":1,"structure_gel:building_tool":5,"minecraft:oak_log":64,"minecraft:acacia_button":116,"minecraft:light":128,"minecraft:bat_spawn_egg":1,"minecraft:cornflower":1,"minecraft:dirt":57,"minecraft:white_banner":1,"minecraft:leather_boots":1,"minecraft:bone":1,"alexscaves:dinosaur_chop":2,"minecraft:kelp":151,"minecraft:bow":1,"minecraft:wheat_seeds":5,"minecraft:netherite_sword":1,"minecraft:beef":3,"minecraft:iron_ingot":26,"world:dragonb_chestplate":1,"minecraft:cooked_chicken":50,"minecraft:enchanted_golden_apple":30,"minecraft:diamond_helmet":1,"iceandfire:fire_dragon_flesh":3,"iceandfire:sea_serpent_scales_deepblue":5,"minecraft:iron_sword":1,"apotheosis:gem":1,"iceandfire:dragonscales_green":21,"warriorsofpastepoch:batwing":2,"world:dragonb_helmet":1,"minecraft:torch":74,"minecraft:acacia_log":63,"minecraft:dandelion":12,"minecraft:gravel":10,"alexscaves:heavy_bone":3,"magistuarmory:rustednorman_helmet":1,"minecraft:cake":1,"minecraft:diorite":1,"minecraft:spruce_log":72,"minecraft:redstone":3,"minecraft:dark_oak_log":60,"minecraft:arrow":64,"minecraft:diamond":19,"minecraft:diamond_boots":1,"iceandfire:fire_dragon_heart":1,"alexscaves:dreadbow":1,"minecraft:golden_apple":1,"minecraft:gold_ingot":6,"minecraft:bread":59,"minecraft:baked_potato":60,"minecraft:oak_sapling":2,"minecraft:mutton":1,"minecraft:coal":4,"minecraft:sunflower":4,"minecraft:cobblestone":278,"minecraft:oxeye_daisy":1},"minecraft:used":{"minecraft:cherry_sapling":60,"minecraft:sandstone_stairs":12,"minecraft:flint_and_steel":40,"born_in_chaos_v1:dark_metal_armor_helmet":1,"minecraft:polished_andesite":157,"alexscaves:spawn_egg_luxtructosaurus":3,"structure_gel:dynamic_spawner":1,"minecraft:oak_sign":1,"world:dragonb_helmet":1,"minecraft:chest":1,"minecraft:iron_sword":3,"structure_gel:data_handler":1,"born_in_chaos_v1:dark_metal_armor_leggings":1,"alexscaves:darkened_apple":1,"minecraft:torch":27,"minecraft:soul_sand":12,"minecraft:dirt":9,"minecraft:sand":6,"plushie_buddies:plushie_warden":6,"minecraft:campfire":1,"conjurer_illager:conjurer_hat":1,"alexscaves:spawn_egg_nucleeper":2,"structure_gel:orange_gel":5,"alexscaves:cloak_of_darkness":4,"world:dragonb_chestplate":1,"born_in_chaos_v1:dark_metal_armor_boots":1,"born_in_chaos_v1:dark_metal_armor_chestplate":1,"minecraft:glass":6,"alexscaves:hood_of_darkness":4,"minecraft:light":370,"minecraft:sea_lantern":8,"alexscaves:spawn_egg_tremorsaurus":1,"minecraft:grass_block":63,"iceandfire:dragonsteel_fire_sword":18,"minecraft:gravel":1,"minecraft:stone_brick_stairs":1,"minecraft:stone_bricks":395,"minecraft:pink_bed":1,"minecraft:pink_petals":24,"minecraft:cobblestone":11,"iceandfire:dread_queen_sword":28,"minecraft:white_banner":39,"cardinal_sins:greatswordofwrath":2,"minecraft:andesite":11,"minecraft:glass_pane":125,"minecraft:chain":1,"alexscaves:nuclear_bomb":2,"plushie_buddies:plushie_wolf":2,"minecraft:kelp":111,"minecraft:enchanted_golden_apple":3,"minecraft:bone_meal":44},"minecraft:dropped":{"alexscaves:hood_of_darkness":1,"minecraft:netherite_sword":1,"world:dragonb_chestplate":1,"born_in_chaos_v1:dark_metal_armor_boots":2,"magistuarmory:rustednorman_helmet":1,"alexscaves:cloak_of_darkness":2,"minecraft:light":192,"minecraft:diamond_sword":1,"born_in_chaos_v1:dark_metal_armor_chestplate":2,"cardinal_sins:greatswordofwrath":1,"structure_gel:building_tool":5,"alexscaves:dreadbow":1,"born_in_chaos_v1:dark_metal_armor_leggings":2,"world:dragonb_helmet":1,"born_in_chaos_v1:dark_metal_armor_helmet":2,"minecraft:bone":1},"minecraft:custom":{"minecraft:mob_kills":6,"minecraft:damage_dealt_resisted":0,"minecraft:leave_game":8,"minecraft:time_since_death":129969,"minecraft:sleep_in_bed":1,"minecraft:climb_one_cm":56,"minecraft:damage_resisted":79,"minecraft:time_since_rest":19900,"minecraft:sprint_one_cm":166210,"minecraft:damage_absorbed":204,"minecraft:damage_taken":555,"minecraft:walk_one_cm":320516,"minecraft:drop":27,"minecraft:damage_dealt":6882,"minecraft:swim_one_cm":3957,"minecraft:fly_one_cm":3464802,"minecraft:open_chest":6,"minecraft:crouch_one_cm":5452,"minecraft:play_time":289834,"tombstone:undead_killed":2,"minecraft:deaths":2,"minecraft:sneak_time":10354,"minecraft:walk_under_water_one_cm":188486,"minecraft:jump":1170,"minecraft:walk_on_water_one_cm":11989,"minecraft:total_world_time":289834,"minecraft:fall_one_cm":6373},"minecraft:killed":{"minecraft:husk":1,"minecraft:skeleton":1,"iceandfire:fire_dragon":1,"realmrpg_demons:chort":2,"antlers:wendigo":1}},"DataVersion":3465}