{"stats":{"minecraft:killed_by":{"minecraft:husk":1,"minecraft:player":2,"iceandfire:fire_dragon":2},"minecraft:dropped":{"iceandfire:chared_stone":10,"minecraft:iron_ingot":3,"minecraft:bread":3,"minecraft:cobblestone":3,"magistuarmory:rustednorman_helmet":1,"alexscaves:cloak_of_darkness":2,"minecraft:milk_bucket":1,"cardinal_sins:greatswordofwrath":1,"born_in_chaos_v1:dark_metal_armor_chestplate":2,"minecraft:torch":5,"minecraft:wooden_axe":1,"world:oak":1,"structure_gel:building_tool":5,"minecraft:gold_nugget":35,"minecraft:sunflower":2,"minecraft:bone":3,"alexscaves:hood_of_darkness":1,"minecraft:stone_axe":1,"minecraft:cobbled_deepslate":1,"cardinal_sins:greataxeofgluttony":1,"minecraft:netherite_sword":1,"minecraft:wheat":4,"world:dragonb_chestplate":1,"minecraft:rotten_flesh":3,"cardinal_sins:dragongreatsword":1,"born_in_chaos_v1:dark_metal_armor_boots":2,"minecraft:light":192,"minecraft:diamond_sword":1,"iceandfire:chared_cobblestone":7,"cataclysm:gauntlet_of_guard":1,"minecraft:wooden_shovel":1,"alexscaves:dreadbow":1,"minecraft:stone_bricks":1,"medieval_craft_weapons:titanite_nugget_1":1,"tombstone:essence_of_undeath":1,"born_in_chaos_v1:dark_metal_armor_leggings":2,"world:dragonb_helmet":1,"born_in_chaos_v1:dark_metal_armor_helmet":2,"minecraft:glass":1,"minecraft:stone_pickaxe":1,"minecraft:wooden_pickaxe":1,"born_in_chaos_v1:supreme_measure":1},"minecraft:mined":{"minecraft:spruce_planks":1,"minecraft:grass_block":17,"world:oak":1,"minecraft:redstone_ore":1,"minecraft:iron_ore":27,"minecraft:fire":1,"minecraft:diamond_block":4,"minecraft:deepslate_iron_ore":5,"iceandfire:gold_pile":1,"minecraft:iron_bars":1,"minecraft:stripped_oak_log":1,"minecraft:stone":55,"iceandfire:chared_cobblestone":7,"minecraft:deepslate_redstone_ore":9,"minecraft:crafting_table":1,"minecraft:emerald_ore":8,"realmrpg_skeletons:basic_skeleton":1,"minecraft:copper_ore":1,"minecraft:glass":4,"minecraft:lapis_ore":1,"minecraft:deepslate_gold_ore":4,"minecraft:oak_planks":1,"minecraft:repeater":1,"minecraft:stone_brick_stairs":2,"minecraft:coal_ore":7,"minecraft:grass":3,"minecraft:oak_log":14,"minecraft:sunflower":2,"minecraft:dirt":11,"minecraft:gold_ore":1,"minecraft:deepslate":15,"iceandfire:chared_stone":10},"minecraft:crafted":{"minecraft:oak_planks":64,"minecraft:iron_axe":1,"minecraft:stone_pickaxe":1,"minecraft:wooden_shovel":1,"minecraft:crafting_table":3,"minecraft:wooden_pickaxe":1,"minecraft:stone_axe":1,"minecraft:stick":20,"minecraft:iron_shovel":1,"minecraft:iron_pickaxe":1,"minecraft:wooden_axe":1,"minecraft:torch":8},"minecraft:used":{"minecraft:cherry_sapling":60,"born_in_chaos_v1:supreme_bonescaller_not_despawn_spawn_egg":1,"minecraft:netherite_sword":9,"minecraft:iron_bars":1,"minecraft:iron_shovel":18,"born_in_chaos_v1:dark_metal_armor_helmet":1,"minecraft:flint_and_steel":45,"alexscaves:spawn_egg_luxtructosaurus":3,"minecraft:oak_sign":1,"minecraft:chest":151,"minecraft:iron_sword":14,"structure_gel:data_handler":1,"minecraft:cooked_chicken":63,"minecraft:torch":41,"minecraft:soul_sand":12,"minecraft:dirt":35,"plushie_buddies:plushie_warden":6,"minecraft:nether_bricks":1,"conjurer_illager:conjurer_hat":1,"alexscaves:spawn_egg_nucleeper":2,"world:dragonb_chestplate":1,"cataclysm:altar_of_void":1,"minecraft:obsidian":49,"minecraft:milk_bucket":1,"born_in_chaos_v1:supreme_measure":14,"minecraft:glass":11,"minecraft:wooden_axe":10,"minecraft:sea_lantern":8,"minecraft:lava_bucket":14,"alexscaves:spawn_egg_tremorsaurus":1,"minecraft:iron_axe":2,"minecraft:grass_block":64,"iceandfire:dragonsteel_fire_sword":27,"minecraft:stone_brick_stairs":3,"minecraft:stone_bricks":396,"iceandfire:spawn_egg_lightning_dragon":10,"iceandfire:chared_stone":1,"iceandfire:dread_queen_sword":57,"cardinal_sins:greatswordofwrath":2,"minecraft:cobbled_deepslate":13,"minecraft:enchanted_golden_apple":13,"cataclysm:altar_of_amethyst":4,"world:blooddragon_spawn_egg":1,"minecraft:sandstone_stairs":12,"minecraft:stone_pickaxe":22,"minecraft:polished_andesite":157,"minecraft:oak_planks":26,"structure_gel:dynamic_spawner":1,"world:dragonb_helmet":1,"minecraft:wooden_pickaxe":7,"minecraft:chainmail_helmet":1,"born_in_chaos_v1:dark_metal_armor_leggings":1,"minecraft:polished_blackstone_bricks":1,"alexscaves:darkened_apple":1,"cataclysm:altar_of_abyss":2,"minecraft:sand":6,"minecraft:tnt":1,"minecraft:crafting_table":4,"minecraft:campfire":1,"structure_gel:orange_gel":5,"alexscaves:cloak_of_darkness":4,"born_in_chaos_v1:dark_metal_armor_boots":1,"born_in_chaos_v1:dark_metal_armor_chestplate":1,"alexscaves:hood_of_darkness":4,"minecraft:light":370,"conjurer_illager:throwable_ball":18,"minecraft:sunflower":1,"minecraft:iron_pickaxe":138,"born_in_chaos_v1:magical_holiday_candy":18,"minecraft:gravel":1,"cataclysm:altar_of_fire":1,"minecraft:pink_bed":10,"minecraft:stone_axe":11,"minecraft:pink_petals":24,"minecraft:cobblestone":15,"minecraft:white_banner":39,"minecraft:andesite":11,"minecraft:chain":1,"minecraft:bucket":12,"minecraft:glass_pane":125,"minecraft:kelp":111,"alexscaves:nuclear_bomb":2,"plushie_buddies:plushie_wolf":2,"minecraft:bone_meal":44},"minecraft:picked_up":{"iceandfire:dragon_skull_lightning":2,"minecraft:crafting_table":1,"minecraft:iron_chestplate":2,"minecraft:wheat":6,"minecraft:azure_bluet":1,"minecraft:chicken":1,"born_in_chaos_v1:seedof_chaos":1,"minecraft:diamond_sword":1,"minecraft:stone_brick_stairs":2,"minecraft:acacia_button":116,"minecraft:light":128,"minecraft:cornflower":1,"minecraft:string":1,"minecraft:raw_copper":3,"alexscaves:dinosaur_chop":2,"minecraft:gold_nugget":45,"minecraft:cobbled_deepslate":14,"minecraft:netherite_sword":1,"minecraft:beef":3,"minecraft:redstone_torch":1,"apotheosis:glowing_hellshelf":1,"minecraft:enchanted_golden_apple":30,"iceandfire:dragonscales_electric":32,"iceandfire:dragonscales_green":21,"minecraft:raw_iron":34,"iceandfire:dragonbone":15,"apotheosis:gem":1,"minecraft:torch":76,"minecraft:acacia_log":63,"medieval_craft_weapons:titanite_nugget_1":2,"alexscaves:heavy_bone":3,"iceandfire:lightning_dragon_flesh":2,"minecraft:cake":1,"cataclysm:burning_ashes":64,"tombstone:grave_dust":2,"minecraft:diorite":1,"born_in_chaos_v1:pieceofdarkmetal":2,"minecraft:carrot":1,"minecraft:redstone":46,"minecraft:arrow":64,"minecraft:rotten_flesh":11,"born_in_chaos_v1:magical_holiday_candy":64,"minecraft:diamond_boots":1,"iceandfire:fire_dragon_heart":1,"alexscaves:dreadbow":1,"tombstone:essence_of_undeath":1,"minecraft:gold_ingot":6,"minecraft:mutton":1,"minecraft:iron_bars":1,"minecraft:cobblestone":331,"minecraft:oxeye_daisy":1,"minecraft:stripped_oak_log":1,"minecraft:birch_log":50,"minecraft:feather":1,"minecraft:repeater":1,"minecraft:jungle_log":64,"structure_gel:building_tool":5,"minecraft:oak_log":79,"aquamirae:abyssal_amethyst":1,"minecraft:bat_spawn_egg":1,"cataclysm:gauntlet_of_guard":1,"minecraft:lapis_lazuli":6,"minecraft:dirt":83,"minecraft:white_banner":1,"minecraft:leather_boots":1,"minecraft:bone":2,"minecraft:kelp":151,"minecraft:bow":1,"minecraft:wheat_seeds":5,"minecraft:raw_gold":5,"minecraft:iron_ingot":26,"world:dragonb_chestplate":1,"minecraft:cooked_chicken":50,"minecraft:diamond_helmet":1,"minecraft:oak_planks":1,"iceandfire:fire_dragon_flesh":3,"iceandfire:sea_serpent_scales_deepblue":5,"minecraft:iron_sword":1,"iceandfire:chared_stone":10,"warriorsofpastepoch:batwing":2,"world:dragonb_helmet":1,"minecraft:dandelion":12,"minecraft:gravel":10,"magistuarmory:rustednorman_helmet":1,"minecraft:diamond_block":4,"minecraft:spider_eye":1,"minecraft:spruce_log":72,"iceandfire:lightning_dragon_heart":2,"minecraft:dark_oak_log":60,"iceandfire:dragonscales_copper":16,"iceandfire:chared_cobblestone":7,"world:oak":1,"cataclysm:tidal_claws":1,"minecraft:diamond":19,"minecraft:golden_apple":1,"minecraft:emerald":7,"minecraft:bread":62,"minecraft:baked_potato":60,"minecraft:oak_sapling":3,"minecraft:coal":13,"minecraft:sunflower":8,"minecraft:wooden_axe":1},"minecraft:custom":{"minecraft:mob_kills":25,"minecraft:interact_with_crafting_table":8,"minecraft:damage_dealt_resisted":7,"minecraft:leave_game":13,"minecraft:time_since_death":27153,"minecraft:climb_one_cm":2236,"minecraft:damage_resisted":6314,"minecraft:sprint_one_cm":327199,"minecraft:walk_one_cm":696827,"minecraft:drop":71,"minecraft:play_time":424877,"minecraft:sneak_time":12723,"minecraft:deaths":12,"minecraft:walk_under_water_one_cm":193692,"minecraft:jump":2754,"minecraft:walk_on_water_one_cm":20553,"minecraft:total_world_time":424877,"minecraft:interact_with_loom":2,"minecraft:sleep_in_bed":2,"minecraft:time_since_rest":26928,"minecraft:damage_taken":34400,"minecraft:damage_absorbed":573,"minecraft:damage_dealt":46024,"minecraft:swim_one_cm":27541,"minecraft:player_kills":1,"minecraft:fly_one_cm":3937307,"minecraft:open_chest":42,"minecraft:crouch_one_cm":11749,"tombstone:undead_killed":9,"minecraft:fall_one_cm":36646},"minecraft:killed":{"minecraft:spider":1,"born_in_chaos_v1:maggot":1,"minecraft:skeleton":1,"iceandfire:fire_dragon":1,"realmrpg_demons:chort":5,"antlers:wendigo":2,"born_in_chaos_v1:fallen_chaos_knight":1,"minecraft:husk":2,"cataclysm:ender_guardian":1,"minecraft:zombie":5,"alexsmobs:fly":1,"iceandfire:lightning_dragon":2,"minecraft:enderman":1}},"DataVersion":3465}