{"stats":{"minecraft:dropped":{"minecraft:diamond_sword":1,"born_in_chaos_v1:dark_metal_armor_leggings":1,"world:dragonb_helmet":1,"born_in_chaos_v1:dark_metal_armor_boots":1,"born_in_chaos_v1:dark_metal_armor_helmet":1,"born_in_chaos_v1:dark_metal_armor_chestplate":1,"cardinal_sins:greatswordofwrath":1,"minecraft:netherite_sword":1,"world:dragonb_chestplate":1},"minecraft:picked_up":{"world:dragonb_helmet":1,"minecraft:diamond_sword":1,"minecraft:netherite_sword":1,"world:dragonb_chestplate":1,"minecraft:enchanted_golden_apple":30,"minecraft:dirt":1,"minecraft:sunflower":4},"minecraft:custom":{"minecraft:time_since_rest":30531,"minecraft:play_time":30531,"minecraft:crouch_one_cm":65,"minecraft:sprint_one_cm":1632,"minecraft:damage_taken":450,"minecraft:walk_one_cm":17420,"minecraft:sneak_time":236,"minecraft:drop":9,"minecraft:jump":36,"minecraft:damage_dealt":96,"minecraft:leave_game":2,"minecraft:time_since_death":30531,"minecraft:total_world_time":30531,"minecraft:fall_one_cm":3592,"minecraft:fly_one_cm":97567},"minecraft:used":{"born_in_chaos_v1:dark_metal_armor_chestplate":1,"minecraft:pink_petals":24,"minecraft:cherry_sapling":60,"minecraft:dirt":3,"born_in_chaos_v1:dark_metal_armor_helmet":1,"minecraft:grass_block":1,"cardinal_sins:greatswordofwrath":2,"world:dragonb_helmet":1,"world:dragonb_chestplate":1,"born_in_chaos_v1:dark_metal_armor_boots":1,"minecraft:bone_meal":44,"born_in_chaos_v1:dark_metal_armor_leggings":1}},"DataVersion":3465}