{"stats":{"minecraft:picked_up":{"minecraft:dirt":1,"minecraft:sunflower":4},"minecraft:custom":{"minecraft:jump":25,"minecraft:time_since_rest":18531,"minecraft:damage_dealt":34,"minecraft:crouch_one_cm":52,"minecraft:sprint_one_cm":900,"minecraft:leave_game":2,"minecraft:play_time":18531,"minecraft:damage_taken":327,"minecraft:time_since_death":18531,"minecraft:walk_one_cm":4813,"minecraft:sneak_time":214,"minecraft:total_world_time":18531,"minecraft:fall_one_cm":3592,"minecraft:fly_one_cm":81510},"minecraft:used":{"minecraft:cherry_sapling":60,"minecraft:pink_petals":24,"minecraft:dirt":3,"minecraft:bone_meal":44}},"DataVersion":3465}