{"stats":{"minecraft:dropped":{"minecraft:diamond_sword":1,"cardinal_sins:greatswordofwrath":1,"born_in_chaos_v1:dark_metal_armor_chestplate":1,"minecraft:netherite_sword":1,"world:dragonb_chestplate":1,"structure_gel:building_tool":2,"world:dragonb_helmet":1,"born_in_chaos_v1:dark_metal_armor_leggings":1,"born_in_chaos_v1:dark_metal_armor_helmet":1,"born_in_chaos_v1:dark_metal_armor_boots":1,"magistuarmory:rustednorman_helmet":1,"minecraft:bone":1,"minecraft:light":64},"minecraft:killed":{"minecraft:skeleton":1,"minecraft:husk":1,"antlers:wendigo":1},"minecraft:picked_up":{"minecraft:wooden_axe":1,"minecraft:chicken":1,"minecraft:feather":1,"warriorsofpastepoch:batwing":2,"world:dragonb_helmet":1,"minecraft:diamond_sword":1,"minecraft:gravel":10,"alexscaves:heavy_bone":3,"structure_gel:building_tool":2,"magistuarmory:rustednorman_helmet":1,"minecraft:spruce_log":8,"minecraft:bat_spawn_egg":1,"minecraft:dirt":55,"minecraft:bone":1,"alexscaves:dinosaur_chop":2,"minecraft:kelp":151,"minecraft:wheat_seeds":1,"minecraft:netherite_sword":1,"minecraft:beef":3,"world:dragonb_chestplate":1,"minecraft:enchanted_golden_apple":30,"minecraft:oak_sapling":2,"minecraft:mutton":1,"minecraft:cobblestone":267,"minecraft:sunflower":4},"minecraft:custom":{"minecraft:time_since_rest":3459,"minecraft:sprint_one_cm":43832,"minecraft:walk_one_cm":140769,"minecraft:damage_taken":555,"minecraft:damage_absorbed":204,"minecraft:mob_kills":3,"minecraft:drop":14,"minecraft:damage_dealt":4623,"minecraft:fly_one_cm":1185515,"minecraft:deaths":1,"minecraft:crouch_one_cm":1099,"minecraft:play_time":145339,"tombstone:undead_killed":2,"minecraft:sneak_time":4809,"minecraft:walk_under_water_one_cm":72988,"minecraft:jump":439,"minecraft:leave_game":4,"minecraft:walk_on_water_one_cm":5760,"minecraft:time_since_death":5858,"minecraft:total_world_time":145339,"minecraft:damage_resisted":79,"minecraft:fall_one_cm":6373},"minecraft:used":{"minecraft:cherry_sapling":60,"born_in_chaos_v1:dark_metal_armor_chestplate":1,"alexscaves:hood_of_darkness":2,"minecraft:light":149,"minecraft:flint_and_steel":1,"alexscaves:spawn_egg_tremorsaurus":1,"minecraft:sandstone_stairs":12,"born_in_chaos_v1:dark_metal_armor_helmet":1,"minecraft:grass_block":16,"minecraft:polished_andesite":148,"alexscaves:spawn_egg_luxtructosaurus":3,"structure_gel:dynamic_spawner":1,"minecraft:oak_sign":1,"world:dragonb_helmet":1,"iceandfire:dragonsteel_fire_sword":11,"structure_gel:data_handler":1,"born_in_chaos_v1:dark_metal_armor_leggings":1,"alexscaves:darkened_apple":1,"minecraft:pink_petals":24,"minecraft:soul_sand":12,"minecraft:dirt":5,"iceandfire:dread_queen_sword":19,"cardinal_sins:greatswordofwrath":2,"minecraft:glass_pane":125,"alexscaves:nuclear_bomb":2,"alexscaves:spawn_egg_nucleeper":2,"minecraft:kelp":111,"alexscaves:cloak_of_darkness":2,"structure_gel:orange_gel":5,"world:dragonb_chestplate":1,"minecraft:enchanted_golden_apple":3,"minecraft:bone_meal":44,"born_in_chaos_v1:dark_metal_armor_boots":1}},"DataVersion":3465}