{"stats":{"minecraft:dropped":{"minecraft:diamond_sword":1,"cardinal_sins:greatswordofwrath":1,"born_in_chaos_v1:dark_metal_armor_chestplate":1,"minecraft:netherite_sword":1,"world:dragonb_chestplate":1,"structure_gel:building_tool":2,"world:dragonb_helmet":1,"born_in_chaos_v1:dark_metal_armor_leggings":1,"born_in_chaos_v1:dark_metal_armor_helmet":1,"born_in_chaos_v1:dark_metal_armor_boots":1,"magistuarmory:rustednorman_helmet":1,"minecraft:bone":1,"minecraft:light":64},"minecraft:killed":{"minecraft:skeleton":1,"minecraft:husk":1,"antlers:wendigo":1},"minecraft:picked_up":{"minecraft:wooden_axe":1,"world:dragonb_helmet":1,"minecraft:diamond_sword":1,"alexscaves:heavy_bone":3,"magistuarmory:rustednorman_helmet":1,"minecraft:dirt":1,"minecraft:bone":1,"alexscaves:dinosaur_chop":2,"minecraft:netherite_sword":1,"world:dragonb_chestplate":1,"minecraft:enchanted_golden_apple":30,"minecraft:sunflower":4},"minecraft:custom":{"minecraft:time_since_rest":102417,"minecraft:sprint_one_cm":39686,"minecraft:walk_one_cm":78575,"minecraft:damage_taken":555,"minecraft:damage_absorbed":204,"minecraft:mob_kills":3,"minecraft:drop":14,"minecraft:damage_dealt":4623,"minecraft:fly_one_cm":794709,"minecraft:crouch_one_cm":479,"minecraft:play_time":102417,"tombstone:undead_killed":2,"minecraft:sneak_time":2343,"minecraft:jump":335,"minecraft:leave_game":3,"minecraft:walk_on_water_one_cm":371,"minecraft:time_since_death":102417,"minecraft:total_world_time":102417,"minecraft:damage_resisted":79,"minecraft:fall_one_cm":6373},"minecraft:used":{"minecraft:cherry_sapling":60,"born_in_chaos_v1:dark_metal_armor_chestplate":1,"alexscaves:hood_of_darkness":2,"minecraft:light":149,"alexscaves:spawn_egg_tremorsaurus":1,"born_in_chaos_v1:dark_metal_armor_helmet":1,"minecraft:grass_block":16,"minecraft:polished_andesite":41,"alexscaves:spawn_egg_luxtructosaurus":3,"structure_gel:dynamic_spawner":1,"world:dragonb_helmet":1,"iceandfire:dragonsteel_fire_sword":11,"structure_gel:data_handler":1,"born_in_chaos_v1:dark_metal_armor_leggings":1,"alexscaves:darkened_apple":1,"minecraft:pink_petals":24,"minecraft:dirt":5,"iceandfire:dread_queen_sword":19,"cardinal_sins:greatswordofwrath":2,"alexscaves:spawn_egg_nucleeper":2,"alexscaves:cloak_of_darkness":2,"structure_gel:orange_gel":5,"world:dragonb_chestplate":1,"minecraft:enchanted_golden_apple":3,"minecraft:bone_meal":44,"born_in_chaos_v1:dark_metal_armor_boots":1}},"DataVersion":3465}