{"stats":{"minecraft:dropped":{"minecraft:diamond_sword":1,"cardinal_sins:greatswordofwrath":1,"born_in_chaos_v1:dark_metal_armor_chestplate":1,"minecraft:netherite_sword":1,"world:dragonb_chestplate":1,"world:dragonb_helmet":1,"born_in_chaos_v1:dark_metal_armor_leggings":1,"born_in_chaos_v1:dark_metal_armor_helmet":1,"born_in_chaos_v1:dark_metal_armor_boots":1,"magistuarmory:rustednorman_helmet":1,"minecraft:bone":1},"minecraft:killed":{"minecraft:skeleton":1,"minecraft:husk":1,"antlers:wendigo":1},"minecraft:picked_up":{"minecraft:wooden_axe":1,"world:dragonb_helmet":1,"minecraft:diamond_sword":1,"alexscaves:heavy_bone":3,"magistuarmory:rustednorman_helmet":1,"minecraft:dirt":1,"alexscaves:dinosaur_chop":2,"minecraft:bone":1,"minecraft:netherite_sword":1,"world:dragonb_chestplate":1,"minecraft:enchanted_golden_apple":30,"minecraft:sunflower":4},"minecraft:custom":{"minecraft:time_since_rest":54531,"minecraft:sprint_one_cm":33997,"minecraft:walk_one_cm":57798,"minecraft:damage_taken":555,"minecraft:damage_absorbed":204,"minecraft:mob_kills":3,"minecraft:drop":11,"minecraft:damage_dealt":4623,"minecraft:fly_one_cm":403844,"minecraft:crouch_one_cm":128,"minecraft:play_time":54531,"tombstone:undead_killed":2,"minecraft:sneak_time":1166,"minecraft:jump":273,"minecraft:leave_game":2,"minecraft:walk_on_water_one_cm":371,"minecraft:time_since_death":54531,"minecraft:total_world_time":54531,"minecraft:damage_resisted":79,"minecraft:fall_one_cm":6373},"minecraft:used":{"alexscaves:hood_of_darkness":1,"born_in_chaos_v1:dark_metal_armor_chestplate":1,"minecraft:cherry_sapling":60,"alexscaves:spawn_egg_tremorsaurus":1,"born_in_chaos_v1:dark_metal_armor_helmet":1,"minecraft:grass_block":5,"alexscaves:spawn_egg_luxtructosaurus":3,"world:dragonb_helmet":1,"iceandfire:dragonsteel_fire_sword":11,"born_in_chaos_v1:dark_metal_armor_leggings":1,"alexscaves:darkened_apple":1,"minecraft:pink_petals":24,"minecraft:dirt":5,"iceandfire:dread_queen_sword":19,"cardinal_sins:greatswordofwrath":2,"alexscaves:spawn_egg_nucleeper":2,"alexscaves:cloak_of_darkness":1,"world:dragonb_chestplate":1,"minecraft:enchanted_golden_apple":3,"minecraft:bone_meal":44,"born_in_chaos_v1:dark_metal_armor_boots":1}},"DataVersion":3465}