{"stats":{"minecraft:mined":{"minecraft:crafting_table":1,"minecraft:acacia_log":3,"minecraft:grass":1,"minecraft:acacia_sign":1},"minecraft:picked_up":{"minecraft:pink_petals":5,"minecraft:iron_chestplate":1,"minecraft:crafting_table":1,"minecraft:azure_bluet":1,"minecraft:ladder":4,"minecraft:glow_ink_sac":8,"minecraft:water_bucket":2,"minecraft:andesite":1,"minecraft:leather":2,"structure_gel:building_tool":1,"born_in_chaos_v1:dark_metal_armor_chestplate":1,"minecraft:oak_log":3,"minecraft:light":4,"minecraft:golden_sword":1,"born_in_chaos_v1:dark_metal_armor_leggings":1,"alexsmobs:gazelle_horn":2,"minecraft:dirt":5,"minecraft:string":30,"minecraft:lantern":3,"minecraft:white_banner":2,"minecraft:cat_spawn_egg":1,"minecraft:pufferfish":1,"alexscaves:cloak_of_darkness":2,"minecraft:kelp":89,"minecraft:wheat_seeds":4,"alexsmobs:cockroach_wing_fragment":1,"minecraft:beef":5,"minecraft:iron_ingot":21,"minecraft:acacia_sign":1,"minecraft:redstone_torch":2,"minecraft:powered_rail":3,"world:crystal_10":1,"minecraft:stick":1,"minecraft:sandstone":1,"apotheosis:gem":1,"born_in_chaos_v1:dark_metal_armor_helmet":1,"warriorsofpastepoch:batwing":5,"minecraft:acacia_log":3,"minecraft:torch":39,"medieval_craft_weapons:titanite_nugget_1":4,"minecraft:dandelion":9,"born_in_chaos_v1:dark_metal_armor_boots":1,"world:appleant_2_spawn_egg":1,"minecraft:porkchop":3,"minecraft:redstone":12,"minecraft:spruce_door":3,"minecraft:polished_andesite":7,"minecraft:rotten_flesh":2,"minecraft:diamond":16,"minecraft:tropical_fish":1,"minecraft:beetroot_seeds":2,"medieval_craft_weapons:soldier_spawn_egg":1,"alexscaves:hood_of_darkness":1,"minecraft:chainmail_leggings":1,"minecraft:granite":4,"minecraft:cherry_sapling":1,"minecraft:golden_apple":1,"minecraft:gold_ingot":4,"alexsmobs:maggot":3,"minecraft:mutton":3,"minecraft:coal":16,"minecraft:rail":18,"minecraft:white_wool":1,"minecraft:cobblestone":29},"minecraft:dropped":{"minecraft:milk_bucket":1,"structure_gel:building_tool":1,"minecraft:pink_petals":1},"minecraft:killed":{"minecraft:pufferfish":2,"minecraft:drowned":2,"antlers:wendigo":1,"minecraft:villager":1,"iceandfire:sea_serpent":2},"minecraft:crafted":{"minecraft:crafting_table":1,"minecraft:acacia_sign":3,"minecraft:stick":4,"minecraft:acacia_planks":12},"minecraft:custom":{"minecraft:mob_kills":8,"minecraft:interact_with_crafting_table":1,"minecraft:interact_with_loom":3,"minecraft:leave_game":1,"minecraft:time_since_death":134524,"minecraft:climb_one_cm":743,"minecraft:time_since_rest":132587,"minecraft:sprint_one_cm":123707,"minecraft:damage_taken":1770,"minecraft:walk_one_cm":184393,"minecraft:drop":3,"minecraft:damage_dealt":4336,"minecraft:swim_one_cm":85119,"minecraft:talked_to_villager":2,"minecraft:fly_one_cm":1098693,"minecraft:open_chest":3,"minecraft:crouch_one_cm":10289,"minecraft:play_time":145991,"tombstone:undead_killed":2,"minecraft:deaths":1,"minecraft:sneak_time":7046,"minecraft:walk_under_water_one_cm":288612,"tombstone:villager_killed":1,"minecraft:jump":808,"minecraft:walk_on_water_one_cm":28098,"minecraft:total_world_time":145991,"minecraft:fall_one_cm":26439},"minecraft:used":{"minecraft:oak_fence":349,"mca:male_villager_spawn_egg":3,"minecraft:water_bucket":156,"minecraft:netherite_sword":64,"minecraft:spruce_door":3,"minecraft:flint_and_steel":6,"alexsmobs:spawn_egg_mudskipper":16,"minecraft:tropical_fish":2,"minecraft:spruce_slab":151,"minecraft:pufferfish_spawn_egg":11,"minecraft:stone":154,"alexscaves:spawn_egg_lanternfish":36,"cataclysm:lionfish_spawn_egg":12,"minecraft:white_wool":24,"minecraft:torch":1,"alexsmobs:spawn_egg_catfish":39,"minecraft:mossy_cobblestone":550,"minecraft:dirt":34,"minecraft:oak_slab":1,"minecraft:crafting_table":1,"minecraft:loom":1,"alexsmobs:spawn_egg_flying_fish":59,"minecraft:spruce_stairs":1,"minecraft:cobblestone_wall":215,"minecraft:campfire":184,"minecraft:sponge":29,"minecraft:oak_wood":142,"minecraft:oak_fence_gate":2,"minecraft:milk_bucket":1,"minecraft:stone_brick_slab":2,"minecraft:flower_pot":1,"minecraft:light":7,"minecraft:acacia_sign":3,"minecraft:villager_spawn_egg":1,"minecraft:lantern":20,"minecraft:grass_block":18,"minecraft:oak_button":1,"iceandfire:spawn_egg_sea_serpent":4,"alexsmobs:spawn_egg_devils_hole_pupfish":21,"minecraft:spruce_trapdoor":63,"minecraft:tropical_fish_spawn_egg":37,"minecraft:pink_wool":133,"minecraft:stone_bricks":19,"minecraft:golden_sword":24,"minecraft:magenta_wool":30,"alexsmobs:spawn_egg_blobfish":16,"minecraft:white_banner":43,"magistuarmory:heavy_crossbow":1,"minecraft:chain":36,"minecraft:bucket":9,"plushie_buddies:plushie_wolf":1,"alexscaves:nuclear_bomb":6}},"DataVersion":3465}