{"stats":{"minecraft:dropped":{"minecraft:pink_petals":1},"minecraft:crafted":{"minecraft:acacia_planks":12,"minecraft:acacia_sign":3,"minecraft:crafting_table":1,"minecraft:stick":4},"minecraft:picked_up":{"minecraft:pink_petals":5,"minecraft:crafting_table":1,"minecraft:water_bucket":2,"minecraft:wheat_seeds":1,"minecraft:acacia_log":3,"minecraft:acacia_sign":1,"structure_gel:building_tool":1,"minecraft:light":3},"minecraft:custom":{"minecraft:time_since_rest":9433,"minecraft:crouch_one_cm":102,"minecraft:play_time":9433,"minecraft:sprint_one_cm":25379,"minecraft:damage_taken":1770,"minecraft:walk_one_cm":17689,"minecraft:sneak_time":313,"minecraft:walk_under_water_one_cm":9047,"minecraft:drop":1,"minecraft:jump":216,"minecraft:leave_game":1,"minecraft:walk_on_water_one_cm":1293,"minecraft:time_since_death":9433,"minecraft:total_world_time":9433,"minecraft:swim_one_cm":148,"minecraft:fall_one_cm":26439,"minecraft:interact_with_crafting_table":1,"minecraft:fly_one_cm":52075},"minecraft:used":{"minecraft:water_bucket":2,"minecraft:light":1,"minecraft:acacia_sign":3,"minecraft:crafting_table":1,"minecraft:bucket":2},"minecraft:mined":{"minecraft:grass":1,"minecraft:acacia_log":3,"minecraft:acacia_sign":1,"minecraft:crafting_table":1}},"DataVersion":3465}