{"stats":{"minecraft:dropped":{"minecraft:milk_bucket":1,"structure_gel:building_tool":1,"minecraft:pink_petals":1},"minecraft:used":{"minecraft:water_bucket":2,"minecraft:light":7,"minecraft:spruce_door":3,"minecraft:flint_and_steel":6,"minecraft:acacia_sign":3,"minecraft:tropical_fish":2,"minecraft:pink_wool":133,"minecraft:white_wool":24,"minecraft:magenta_wool":30,"minecraft:crafting_table":1,"minecraft:bucket":2,"alexscaves:nuclear_bomb":6,"minecraft:milk_bucket":1},"minecraft:picked_up":{"minecraft:pink_petals":5,"minecraft:crafting_table":1,"minecraft:sandstone":1,"apotheosis:gem":1,"minecraft:glow_ink_sac":8,"minecraft:water_bucket":2,"minecraft:andesite":1,"warriorsofpastepoch:batwing":5,"minecraft:leather":2,"medieval_craft_weapons:titanite_nugget_1":2,"minecraft:torch":10,"minecraft:acacia_log":3,"minecraft:porkchop":3,"structure_gel:building_tool":1,"minecraft:light":4,"minecraft:dirt":4,"minecraft:spruce_door":3,"alexsmobs:gazelle_horn":2,"minecraft:string":30,"minecraft:cat_spawn_egg":1,"minecraft:polished_andesite":7,"minecraft:tropical_fish":1,"minecraft:kelp":89,"minecraft:beetroot_seeds":2,"minecraft:wheat_seeds":1,"alexsmobs:cockroach_wing_fragment":1,"minecraft:chainmail_leggings":1,"minecraft:iron_ingot":8,"minecraft:beef":5,"minecraft:acacia_sign":1,"minecraft:granite":2,"minecraft:golden_apple":1,"alexsmobs:maggot":3,"minecraft:powered_rail":3,"minecraft:mutton":3,"minecraft:coal":16,"minecraft:white_wool":1,"minecraft:rail":18,"minecraft:cobblestone":22},"minecraft:mined":{"minecraft:crafting_table":1,"minecraft:grass":1,"minecraft:acacia_log":3,"minecraft:acacia_sign":1},"minecraft:crafted":{"minecraft:acacia_sign":3,"minecraft:crafting_table":1,"minecraft:stick":4,"minecraft:acacia_planks":12},"minecraft:custom":{"minecraft:time_since_rest":14400,"minecraft:sprint_one_cm":39744,"minecraft:damage_taken":1770,"minecraft:walk_one_cm":37236,"minecraft:drop":3,"minecraft:damage_dealt":10,"minecraft:swim_one_cm":148,"minecraft:interact_with_crafting_table":1,"minecraft:fly_one_cm":471958,"minecraft:crouch_one_cm":2632,"minecraft:play_time":27804,"minecraft:deaths":1,"minecraft:sneak_time":1270,"minecraft:walk_under_water_one_cm":30379,"minecraft:jump":312,"minecraft:leave_game":1,"minecraft:time_since_death":16337,"minecraft:walk_on_water_one_cm":1934,"minecraft:total_world_time":27804,"minecraft:fall_one_cm":26439}},"DataVersion":3465}