{"stats":{"minecraft:dropped":{"minecraft:milk_bucket":1,"structure_gel:building_tool":1,"minecraft:pink_petals":1},"minecraft:crafted":{"minecraft:acacia_sign":3,"minecraft:crafting_table":1,"minecraft:stick":4,"minecraft:acacia_planks":12},"minecraft:picked_up":{"minecraft:pink_petals":5,"minecraft:crafting_table":1,"apotheosis:gem":1,"minecraft:glow_ink_sac":8,"minecraft:water_bucket":2,"warriorsofpastepoch:batwing":5,"minecraft:leather":2,"medieval_craft_weapons:titanite_nugget_1":2,"minecraft:torch":10,"minecraft:acacia_log":3,"minecraft:porkchop":3,"structure_gel:building_tool":1,"minecraft:light":4,"alexsmobs:gazelle_horn":2,"minecraft:tropical_fish":1,"minecraft:kelp":89,"minecraft:beetroot_seeds":2,"minecraft:wheat_seeds":1,"alexsmobs:cockroach_wing_fragment":1,"minecraft:chainmail_leggings":1,"minecraft:acacia_sign":1,"minecraft:iron_ingot":8,"minecraft:beef":5,"minecraft:golden_apple":1,"alexsmobs:maggot":3,"minecraft:powered_rail":3,"minecraft:mutton":3,"minecraft:coal":14,"minecraft:rail":18,"minecraft:white_wool":1},"minecraft:custom":{"minecraft:time_since_rest":8029,"minecraft:sprint_one_cm":35949,"minecraft:damage_taken":1770,"minecraft:walk_one_cm":30939,"minecraft:drop":3,"minecraft:damage_dealt":10,"minecraft:swim_one_cm":148,"minecraft:interact_with_crafting_table":1,"minecraft:fly_one_cm":206671,"minecraft:crouch_one_cm":2323,"minecraft:play_time":21433,"minecraft:deaths":1,"minecraft:sneak_time":1009,"minecraft:walk_under_water_one_cm":28564,"minecraft:jump":272,"minecraft:leave_game":1,"minecraft:time_since_death":9966,"minecraft:walk_on_water_one_cm":1630,"minecraft:total_world_time":21433,"minecraft:fall_one_cm":26439},"minecraft:used":{"minecraft:water_bucket":2,"minecraft:light":7,"minecraft:acacia_sign":3,"minecraft:tropical_fish":2,"minecraft:pink_wool":133,"minecraft:white_wool":24,"minecraft:magenta_wool":30,"minecraft:crafting_table":1,"minecraft:bucket":2,"minecraft:milk_bucket":1},"minecraft:mined":{"minecraft:crafting_table":1,"minecraft:grass":1,"minecraft:acacia_log":3,"minecraft:acacia_sign":1}},"DataVersion":3465}