{"stats":{"minecraft:killed_by":{"iceandfire:fire_dragon":1},"minecraft:dropped":{"minecraft:water_bucket":2,"minecraft:vindicator_spawn_egg":1,"alexsmobs:maggot":2,"minecraft:wheat_seeds":2,"minecraft:feather":2,"minecraft:tropical_fish":1,"minecraft:light":2,"tombstone:grave_dust":2,"structure_gel:building_tool":2,"tombstone:essence_of_undeath":1,"minecraft:bucket":1,"minecraft:birch_stairs":1},"minecraft:mined":{"minecraft:grass_block":2,"minecraft:tall_grass":6,"minecraft:iron_ore":2,"minecraft:fire":1,"minecraft:grass":26,"minecraft:oak_log":16,"iceandfire:gold_pile":2,"minecraft:sand":5,"minecraft:stone":10,"minecraft:oak_leaves":14},"minecraft:crafted":{"minecraft:oak_planks":40,"minecraft:crafting_table":1,"minecraft:wooden_pickaxe":1,"minecraft:stick":8,"minecraft:stone_pickaxe":1,"minecraft:wooden_axe":1,"minecraft:stone_sword":1},"minecraft:used":{"minecraft:water_bucket":4,"minecraft:stone_sword":11,"minecraft:spruce_door":8,"minecraft:stone_pickaxe":20,"minecraft:polished_andesite":349,"minecraft:oak_planks":3,"minecraft:baked_potato":5,"minecraft:wooden_pickaxe":3,"minecraft:iron_sword":6,"minecraft:vindicator_spawn_egg":1,"minecraft:cooked_chicken":1,"minecraft:iron_chestplate":1,"minecraft:sand":4,"minecraft:crafting_table":1,"magistuarmory:rustedhalfarmor_chestplate":1,"minecraft:wooden_axe":6,"minecraft:cat_spawn_egg":69,"minecraft:stone_axe":1,"minecraft:glass_pane":210,"tombstone:gift":2,"minecraft:cooked_beef":31,"minecraft:birch_stairs":7},"minecraft:picked_up":{"minecraft:pink_petals":1,"minecraft:iron_chestplate":1,"magistuarmory:rustedhalfarmor_chestplate":1,"minecraft:feather":3,"minecraft:cooked_beef":92,"minecraft:chicken":1,"structure_gel:building_tool":2,"minecraft:oak_log":15,"minecraft:light":2,"minecraft:dirt":2,"minecraft:string":2,"minecraft:bone":1,"minecraft:apple":1,"minecraft:oak_sign":1,"minecraft:kelp":25,"minecraft:bow":1,"minecraft:wheat_seeds":4,"minecraft:gold_nugget":12,"minecraft:stone_pickaxe":1,"minecraft:cooked_chicken":64,"minecraft:vindicator_spawn_egg":1,"world:eflshousebase_4_spawn_egg":2,"minecraft:sand":5,"minecraft:ink_sac":2,"tombstone:grave_dust":1,"minecraft:rotten_flesh":3,"minecraft:stone_axe":1,"alexsmobs:maggot":2,"tombstone:essence_of_undeath":1,"minecraft:oak_sapling":1,"minecraft:mutton":4,"minecraft:white_wool":1,"minecraft:cobblestone":12},"minecraft:custom":{"minecraft:mob_kills":6,"minecraft:interact_with_crafting_table":8,"minecraft:interact_with_loom":1,"minecraft:damage_dealt_resisted":4,"minecraft:leave_game":2,"minecraft:time_since_death":14786,"minecraft:climb_one_cm":2690,"minecraft:time_since_rest":14706,"minecraft:sprint_one_cm":104579,"minecraft:damage_taken":4077,"minecraft:walk_one_cm":169234,"minecraft:drop":19,"minecraft:damage_dealt":804,"minecraft:swim_one_cm":5778,"minecraft:fly_one_cm":660851,"minecraft:open_chest":29,"minecraft:crouch_one_cm":21167,"minecraft:play_time":174171,"tombstone:undead_killed":2,"minecraft:deaths":4,"minecraft:sneak_time":8933,"minecraft:walk_under_water_one_cm":30044,"tombstone:tomb_raiding":1,"minecraft:jump":1454,"minecraft:walk_on_water_one_cm":7176,"minecraft:total_world_time":174171,"minecraft:fall_one_cm":29508},"minecraft:killed":{"minecraft:zombie":2,"realmrpg_demons:chort":1,"alexsmobs:fly":1}},"DataVersion":3465}