{"stats":{"minecraft:killed_by":{"iceandfire:fire_dragon":1},"minecraft:dropped":{"minecraft:water_bucket":2,"minecraft:vindicator_spawn_egg":1,"minecraft:iron_sword":1,"minecraft:wheat_seeds":6,"minecraft:cherry_log":2,"minecraft:baked_potato":64,"minecraft:feather":2,"minecraft:cobblestone":14,"minecraft:leather":1,"minecraft:tropical_fish":1,"minecraft:rail":8,"minecraft:coal":1,"minecraft:stick":44,"minecraft:dirt":8,"minecraft:cobweb":2,"born_in_chaos_v1:pumpkin_staff":1,"born_in_chaos_v1:river_mint":1,"minecraft:torch":1,"tombstone:grave_key":4,"minecraft:repeater":1,"minecraft:wooden_axe":1,"minecraft:white_concrete":2,"minecraft:cherry_planks":4,"tombstone:grave_dust":3,"structure_gel:building_tool":2,"minecraft:sand":1,"minecraft:chainmail_leggings":1,"minecraft:pink_petals":11,"minecraft:string":2,"minecraft:birch_stairs":1,"minecraft:bucket":1,"minecraft:dandelion":2,"minecraft:bone":2,"magistuarmory:rustedchainmail_leggings":1,"minecraft:furnace":1,"minecraft:stone_axe":1,"alexsmobs:maggot":3,"minecraft:cobblestone_wall":1,"minecraft:yellow_wool":2,"minecraft:wheat":1,"tombstone:tablet_of_recall":2,"magistuarmory:rustedhalfarmor_chestplate":1,"minecraft:rotten_flesh":80,"minecraft:oak_planks":15,"minecraft:light":2,"shieldexp:iron_shield":1,"minecraft:spruce_planks":2,"minecraft:bundle":2,"born_in_chaos_v1:corpse_maggot":2,"minecraft:ladder":2,"apotheosis:gem":6,"minecraft:oak_sapling":1,"minecraft:wooden_shovel":1,"minecraft:redstone_torch":1,"tombstone:essence_of_undeath":1,"minecraft:iron_bars":1,"minecraft:arrow":5,"minecraft:wooden_pickaxe":1,"medieval_craft_weapons:spear_1":2},"minecraft:mined":{"minecraft:red_carpet":8,"minecraft:pink_bed":11,"minecraft:cherry_log":58,"minecraft:ladder":1,"minecraft:grass_block":22,"minecraft:white_concrete":1,"minecraft:white_concrete_powder":2,"minecraft:furnace":1,"minecraft:iron_ore":4,"minecraft:fire":7,"minecraft:deepslate_iron_ore":4,"iceandfire:gold_pile":2,"minecraft:stone":301,"minecraft:bone_block":27,"minecraft:white_wool":1,"minecraft:deepslate_redstone_ore":5,"minecraft:cherry_planks":34,"minecraft:crafting_table":2,"minecraft:cobblestone":1,"minecraft:tall_grass":8,"minecraft:wall_torch":4,"minecraft:pink_petals":13,"minecraft:cobblestone_wall":2,"realmrpg_skeletons:acrobat_skeleton":1,"minecraft:stone_brick_stairs":1,"minecraft:grass":68,"minecraft:coal_ore":18,"minecraft:oak_log":37,"minecraft:cherry_leaves":17,"minecraft:dirt":13,"minecraft:sand":6,"minecraft:cobweb":14,"born_in_chaos_v1:infernal_evil_pumpkin_s":1,"minecraft:oak_leaves":19,"minecraft:deepslate":168},"minecraft:crafted":{"minecraft:cherry_planks":120,"minecraft:oak_planks":76,"minecraft:iron_nugget":1,"minecraft:furnace":1,"minecraft:iron_axe":1,"minecraft:stone_pickaxe":1,"minecraft:chest":2,"minecraft:crafting_table":2,"minecraft:wooden_pickaxe":1,"minecraft:air":0,"minecraft:oak_boat":1,"minecraft:iron_chestplate":1,"minecraft:stick":36,"minecraft:iron_ingot":24,"minecraft:wooden_axe":1,"minecraft:cherry_door":3,"minecraft:stone_sword":1,"minecraft:iron_leggings":1,"minecraft:torch":20},"minecraft:used":{"minecraft:cherry_sapling":2,"minecraft:stone_sword":11,"minecraft:chest":2,"minecraft:iron_sword":213,"minecraft:cooked_chicken":1,"minecraft:iron_chestplate":1,"minecraft:torch":26,"minecraft:mutton":1,"minecraft:carrot":1,"magistuarmory:rustedhalfarmor_chestplate":1,"minecraft:wooden_axe":6,"minecraft:iron_axe":101,"minecraft:stone_bricks":4,"minecraft:furnace":1,"tombstone:gift":4,"medieval_craft_weapons:spear_1":2,"minecraft:cooked_beef":77,"minecraft:potato":3,"minecraft:cobbled_deepslate":18,"minecraft:cherry_log":18,"minecraft:cooked_mutton":34,"minecraft:water_bucket":4,"minecraft:spruce_door":8,"minecraft:polished_andesite":349,"minecraft:stone_pickaxe":100,"minecraft:baked_potato":74,"minecraft:oak_planks":29,"minecraft:wooden_pickaxe":3,"minecraft:cherry_planks":95,"minecraft:vindicator_spawn_egg":1,"minecraft:golden_apple":1,"minecraft:cookie":4,"minecraft:white_wool":1,"minecraft:sand":4,"minecraft:crafting_table":3,"minecraft:diamond_pickaxe":464,"born_in_chaos_v1:pumpkin_staff":1,"minecraft:cat_spawn_egg":69,"minecraft:stone_axe":26,"minecraft:pink_bed":11,"minecraft:diamond_sword":211,"minecraft:cobblestone":22,"minecraft:glass_pane":210,"minecraft:oak_boat":1,"minecraft:birch_stairs":7},"minecraft:picked_up":{"minecraft:wooden_axe":1,"minecraft:crafting_table":2,"minecraft:iron_chestplate":2,"minecraft:wheat":2,"minecraft:ladder":2,"minecraft:chicken":1,"born_in_chaos_v1:river_mint":2,"minecraft:turtle_helmet":1,"minecraft:yellow_wool":2,"minecraft:diamond_sword":1,"minecraft:wooden_pickaxe":2,"tombstone:grave_key":3,"minecraft:shield":1,"minecraft:light":2,"minecraft:string":20,"born_in_chaos_v1:mesh_door":1,"minecraft:oak_sign":1,"minecraft:cracked_stone_bricks":1,"minecraft:cobbled_deepslate":27,"minecraft:gold_nugget":13,"minecraft:spruce_planks":2,"minecraft:beef":3,"minecraft:redstone_torch":1,"minecraft:wooden_shovel":1,"minecraft:iron_boots":1,"minecraft:furnace":1,"minecraft:raw_iron":22,"minecraft:stick":43,"apotheosis:gem":9,"minecraft:oak_fence":3,"minecraft:torch":7,"world:eflshousebase_4_spawn_egg":2,"medieval_craft_weapons:spear_1":2,"minecraft:cherry_log":57,"minecraft:cookie":4,"tombstone:grave_dust":2,"minecraft:carrot":1,"shieldexp:iron_shield":2,"minecraft:arrow":13,"minecraft:rotten_flesh":121,"tombstone:essence_of_undeath":1,"minecraft:rail":12,"minecraft:mutton":5,"minecraft:iron_bars":1,"minecraft:white_wool":6,"minecraft:bone_block":32,"minecraft:cobblestone":114,"born_in_chaos_v1:corpse_maggot":2,"minecraft:cherry_planks":32,"minecraft:pink_petals":38,"magistuarmory:rustedhalfarmor_chestplate":1,"minecraft:feather":3,"minecraft:cooked_beef":132,"minecraft:repeater":1,"born_in_chaos_v1:monster_flesh":2,"born_in_chaos_v1:pumpkin_staff":1,"minecraft:leather":1,"minecraft:potato":2,"structure_gel:building_tool":2,"minecraft:oak_log":29,"minecraft:cobblestone_wall":2,"minecraft:dirt":40,"minecraft:cooked_mutton":2,"minecraft:bone":54,"minecraft:apple":1,"minecraft:stone_bricks":4,"minecraft:kelp":25,"minecraft:bow":1,"minecraft:wheat_seeds":8,"minecraft:stone_pickaxe":1,"minecraft:cooked_chicken":64,"minecraft:iron_sword":1,"minecraft:oak_planks":33,"minecraft:vindicator_spawn_egg":1,"minecraft:pink_bed":11,"minecraft:dandelion":2,"minecraft:sand":6,"minecraft:ink_sac":2,"magistuarmory:rustedchainmail_leggings":1,"minecraft:leather_helmet":1,"minecraft:bundle":2,"minecraft:white_concrete_powder":2,"minecraft:stone_axe":1,"magistuarmory:rusted_bastardsword":1,"minecraft:chainmail_leggings":2,"tombstone:tablet_of_recall":2,"minecraft:cherry_sapling":2,"minecraft:white_concrete":2,"minecraft:emerald":1,"alexsmobs:maggot":3,"minecraft:baked_potato":64,"minecraft:oak_sapling":2,"minecraft:coal":18,"minecraft:diamond_pickaxe":1,"minecraft:sunflower":2},"minecraft:broken":{"minecraft:iron_chestplate":1},"minecraft:custom":{"minecraft:mob_kills":65,"minecraft:interact_with_crafting_table":21,"minecraft:damage_dealt_resisted":961,"minecraft:leave_game":2,"minecraft:time_since_death":120480,"minecraft:climb_one_cm":6866,"minecraft:damage_resisted":0,"minecraft:sprint_one_cm":678568,"minecraft:walk_one_cm":652072,"minecraft:drop":137,"minecraft:play_time":355671,"minecraft:deaths":5,"minecraft:sneak_time":20097,"minecraft:walk_under_water_one_cm":46362,"minecraft:boat_one_cm":53100,"tombstone:tomb_raiding":1,"minecraft:jump":5411,"minecraft:total_world_time":355671,"minecraft:walk_on_water_one_cm":36690,"minecraft:interact_with_furnace":15,"tombstone:raider_killed":1,"minecraft:interact_with_loom":1,"minecraft:sleep_in_bed":8,"minecraft:time_since_rest":5524,"minecraft:damage_taken":12984,"tombstone:sneak_grave":19,"minecraft:damage_dealt":15264,"minecraft:swim_one_cm":50189,"minecraft:fly_one_cm":1476357,"minecraft:open_chest":71,"minecraft:crouch_one_cm":50813,"tombstone:undead_killed":31,"minecraft:fall_one_cm":143629},"minecraft:killed":{"born_in_chaos_v1:mr_pumpkin":4,"minecraft:witch":1,"minecraft:spider":3,"born_in_chaos_v1:maggot":3,"minecraft:skeleton":7,"medieval_craft_weapons:soldier":2,"born_in_chaos_v1:skeleton_thrasher":1,"realmrpg_demons:chort":5,"majruszsdifficulty:creeperling":1,"world:goblin":1,"minecraft:husk":2,"majruszsdifficulty:tank":1,"born_in_chaos_v1:decrepit_skeleton":1,"minecraft:sheep":3,"alexsmobs:cockroach":1,"minecraft:zombie":17,"born_in_chaos_v1:corpse_fly":1,"minecraft:stray":1,"alexsmobs:fly":2,"born_in_chaos_v1:door_knight":1,"cardinal_sins:stonewarrior":1,"minecraft:cow":1,"medieval_craft_weapons:heavyknight":1}},"DataVersion":3465}