{"stats":{"minecraft:killed_by":{"iceandfire:fire_dragon":1},"minecraft:dropped":{"minecraft:water_bucket":2,"minecraft:vindicator_spawn_egg":1,"alexsmobs:maggot":3,"minecraft:wheat_seeds":3,"minecraft:wheat":1,"minecraft:feather":2,"minecraft:cobblestone":1,"minecraft:oak_planks":15,"minecraft:tropical_fish":1,"minecraft:stick":1,"minecraft:light":2,"minecraft:cobweb":2,"minecraft:spruce_planks":2,"minecraft:repeater":1,"minecraft:wooden_axe":1,"apotheosis:gem":1,"minecraft:wooden_shovel":1,"minecraft:redstone_torch":1,"tombstone:grave_dust":2,"structure_gel:building_tool":2,"tombstone:essence_of_undeath":1,"minecraft:wooden_pickaxe":1,"minecraft:bucket":1,"minecraft:birch_stairs":1,"medieval_craft_weapons:spear_1":1,"minecraft:bone":2},"minecraft:mined":{"minecraft:red_carpet":8,"minecraft:grass_block":4,"minecraft:tall_grass":6,"minecraft:white_concrete_powder":1,"minecraft:iron_ore":2,"minecraft:fire":1,"realmrpg_skeletons:acrobat_skeleton":1,"minecraft:grass":26,"minecraft:oak_log":25,"iceandfire:gold_pile":2,"minecraft:sand":5,"minecraft:cobweb":1,"minecraft:bone_block":27,"minecraft:stone":34,"minecraft:oak_leaves":14},"minecraft:crafted":{"minecraft:oak_planks":52,"minecraft:crafting_table":1,"minecraft:wooden_pickaxe":1,"minecraft:stick":8,"minecraft:stone_pickaxe":1,"minecraft:wooden_axe":1,"minecraft:stone_sword":1},"minecraft:used":{"minecraft:water_bucket":4,"minecraft:stone_sword":11,"minecraft:spruce_door":8,"minecraft:stone_pickaxe":74,"minecraft:polished_andesite":349,"minecraft:oak_planks":3,"minecraft:baked_potato":5,"minecraft:wooden_pickaxe":3,"minecraft:iron_sword":141,"minecraft:vindicator_spawn_egg":1,"minecraft:cooked_chicken":1,"minecraft:iron_chestplate":1,"minecraft:sand":4,"minecraft:crafting_table":1,"magistuarmory:rustedhalfarmor_chestplate":1,"minecraft:wooden_axe":6,"minecraft:cat_spawn_egg":69,"minecraft:stone_axe":10,"minecraft:cobblestone":10,"minecraft:glass_pane":210,"tombstone:gift":4,"medieval_craft_weapons:spear_1":2,"minecraft:cooked_beef":62,"minecraft:birch_stairs":7},"minecraft:picked_up":{"minecraft:wooden_axe":1,"minecraft:pink_petals":1,"minecraft:wheat":2,"minecraft:iron_chestplate":1,"magistuarmory:rustedhalfarmor_chestplate":1,"minecraft:feather":3,"minecraft:cooked_beef":130,"minecraft:repeater":1,"minecraft:chicken":1,"minecraft:turtle_helmet":1,"minecraft:wooden_pickaxe":1,"minecraft:potato":2,"structure_gel:building_tool":2,"minecraft:oak_log":23,"minecraft:light":2,"minecraft:dirt":20,"minecraft:string":4,"born_in_chaos_v1:mesh_door":1,"minecraft:bone":6,"minecraft:apple":1,"minecraft:oak_sign":1,"minecraft:kelp":25,"minecraft:bow":1,"minecraft:wheat_seeds":5,"minecraft:gold_nugget":12,"minecraft:spruce_planks":2,"minecraft:stone_pickaxe":1,"minecraft:cooked_chicken":64,"minecraft:redstone_torch":1,"minecraft:wooden_shovel":1,"minecraft:oak_planks":15,"minecraft:vindicator_spawn_egg":1,"minecraft:stick":2,"apotheosis:gem":3,"minecraft:torch":3,"minecraft:dandelion":2,"world:eflshousebase_4_spawn_egg":2,"medieval_craft_weapons:spear_1":2,"minecraft:sand":5,"minecraft:cookie":4,"minecraft:ink_sac":2,"tombstone:grave_dust":1,"minecraft:carrot":1,"shieldexp:iron_shield":1,"minecraft:bundle":1,"minecraft:arrow":1,"minecraft:rotten_flesh":10,"minecraft:white_concrete_powder":1,"minecraft:stone_axe":1,"magistuarmory:rusted_bastardsword":1,"alexsmobs:maggot":3,"tombstone:essence_of_undeath":1,"minecraft:bone_block":24,"minecraft:oak_sapling":2,"minecraft:mutton":4,"minecraft:iron_bars":1,"minecraft:white_wool":1,"minecraft:cobblestone":33,"minecraft:sunflower":2},"minecraft:custom":{"minecraft:mob_kills":22,"minecraft:interact_with_crafting_table":9,"minecraft:interact_with_loom":1,"minecraft:damage_dealt_resisted":499,"minecraft:leave_game":2,"minecraft:time_since_death":50786,"minecraft:climb_one_cm":4498,"minecraft:damage_resisted":0,"minecraft:time_since_rest":50706,"minecraft:sprint_one_cm":168920,"minecraft:damage_taken":6832,"minecraft:walk_one_cm":286932,"tombstone:sneak_grave":19,"minecraft:drop":42,"minecraft:damage_dealt":5722,"minecraft:swim_one_cm":8767,"minecraft:fly_one_cm":774253,"minecraft:open_chest":29,"minecraft:crouch_one_cm":33494,"minecraft:play_time":210171,"tombstone:undead_killed":7,"minecraft:deaths":4,"minecraft:sneak_time":13445,"minecraft:walk_under_water_one_cm":31945,"tombstone:tomb_raiding":1,"minecraft:jump":2098,"minecraft:walk_on_water_one_cm":8316,"minecraft:total_world_time":210171,"minecraft:fall_one_cm":47529},"minecraft:killed":{"minecraft:spider":2,"majruszsdifficulty:tank":1,"minecraft:skeleton":1,"medieval_craft_weapons:soldier":2,"minecraft:zombie":4,"majruszsdifficulty:creeperling":1,"realmrpg_demons:chort":4,"alexsmobs:fly":1,"born_in_chaos_v1:door_knight":1,"cardinal_sins:stonewarrior":1,"medieval_craft_weapons:heavyknight":1}},"DataVersion":3465}