{"stats":{"minecraft:dropped":{"alexsmobs:maggot":1},"minecraft:killed":{"alexsmobs:fly":1},"minecraft:picked_up":{"alexsmobs:maggot":1},"minecraft:custom":{"minecraft:jump":85,"minecraft:time_since_rest":22629,"minecraft:damage_dealt":30,"minecraft:crouch_one_cm":1519,"minecraft:sprint_one_cm":2730,"minecraft:play_time":22629,"minecraft:damage_taken":266,"minecraft:time_since_death":22629,"minecraft:walk_one_cm":13188,"minecraft:sneak_time":822,"minecraft:total_world_time":22629,"minecraft:mob_kills":1,"minecraft:drop":1,"minecraft:fly_one_cm":81774}},"DataVersion":3465}