{"stats":{"minecraft:dropped":{"minecraft:water_bucket":2,"structure_gel:building_tool":2,"alexsmobs:maggot":2,"minecraft:wheat_seeds":2,"minecraft:light":1},"minecraft:killed":{"alexsmobs:fly":1},"minecraft:picked_up":{"minecraft:pink_petals":1,"minecraft:oak_sign":1,"minecraft:kelp":25,"minecraft:wheat_seeds":2,"structure_gel:building_tool":2,"minecraft:light":2,"alexsmobs:maggot":2},"minecraft:custom":{"minecraft:time_since_rest":106629,"minecraft:crouch_one_cm":2606,"minecraft:play_time":106629,"minecraft:sprint_one_cm":3564,"minecraft:damage_taken":266,"minecraft:walk_one_cm":33845,"minecraft:sneak_time":3461,"minecraft:walk_under_water_one_cm":24732,"minecraft:mob_kills":1,"minecraft:drop":9,"minecraft:jump":197,"minecraft:damage_dealt":50,"minecraft:time_since_death":106629,"minecraft:walk_on_water_one_cm":2669,"minecraft:total_world_time":106629,"minecraft:fly_one_cm":297195},"minecraft:used":{"minecraft:water_bucket":4,"minecraft:polished_andesite":349,"minecraft:glass_pane":210}},"DataVersion":3465}