{"stats":{"minecraft:dropped":{"structure_gel:building_tool":1,"alexsmobs:maggot":2},"minecraft:killed":{"alexsmobs:fly":1},"minecraft:picked_up":{"structure_gel:building_tool":2,"alexsmobs:maggot":2},"minecraft:custom":{"minecraft:jump":112,"minecraft:time_since_rest":58629,"minecraft:damage_dealt":30,"minecraft:crouch_one_cm":1560,"minecraft:sprint_one_cm":2730,"minecraft:play_time":58629,"minecraft:damage_taken":266,"minecraft:time_since_death":58629,"minecraft:walk_one_cm":15699,"minecraft:sneak_time":1445,"minecraft:total_world_time":58629,"minecraft:mob_kills":1,"minecraft:drop":3,"minecraft:fly_one_cm":163192},"minecraft:used":{"minecraft:polished_andesite":346}},"DataVersion":3465}