{"stats":{"minecraft:dropped":{"minecraft:water_bucket":2,"minecraft:vindicator_spawn_egg":1,"alexsmobs:maggot":2,"minecraft:wheat_seeds":2,"tombstone:grave_dust":2,"minecraft:feather":2,"structure_gel:building_tool":2,"minecraft:tropical_fish":1,"minecraft:birch_stairs":1,"minecraft:light":2},"minecraft:killed":{"alexsmobs:fly":1},"minecraft:picked_up":{"minecraft:vindicator_spawn_egg":1,"minecraft:pink_petals":1,"minecraft:feather":3,"minecraft:chicken":1,"world:eflshousebase_4_spawn_egg":2,"structure_gel:building_tool":2,"minecraft:ink_sac":2,"tombstone:grave_dust":1,"minecraft:light":2,"minecraft:string":2,"minecraft:oak_sign":1,"minecraft:kelp":25,"minecraft:wheat_seeds":2,"alexsmobs:maggot":2,"minecraft:mutton":4,"minecraft:white_wool":1},"minecraft:custom":{"minecraft:time_since_rest":8251,"minecraft:sprint_one_cm":3651,"minecraft:damage_taken":266,"minecraft:walk_one_cm":60325,"minecraft:mob_kills":2,"minecraft:drop":17,"minecraft:damage_dealt":96,"minecraft:fly_one_cm":335527,"minecraft:crouch_one_cm":11100,"minecraft:play_time":118629,"minecraft:deaths":1,"minecraft:sneak_time":5483,"minecraft:walk_under_water_one_cm":25745,"minecraft:jump":242,"minecraft:damage_dealt_resisted":4,"minecraft:walk_on_water_one_cm":3033,"minecraft:time_since_death":9940,"minecraft:total_world_time":118629},"minecraft:used":{"minecraft:water_bucket":4,"minecraft:spruce_door":8,"minecraft:polished_andesite":349,"minecraft:vindicator_spawn_egg":1,"minecraft:cat_spawn_egg":68,"minecraft:glass_pane":210,"tombstone:gift":2,"minecraft:birch_stairs":7}},"DataVersion":3465}