{"stats":{"minecraft:dropped":{"structure_gel:building_tool":1,"alexsmobs:maggot":2},"minecraft:killed":{"alexsmobs:fly":1},"minecraft:picked_up":{"structure_gel:building_tool":2,"alexsmobs:maggot":2,"minecraft:light":1},"minecraft:custom":{"minecraft:jump":136,"minecraft:time_since_rest":82629,"minecraft:walk_on_water_one_cm":215,"minecraft:damage_dealt":30,"minecraft:crouch_one_cm":1569,"minecraft:sprint_one_cm":2730,"minecraft:play_time":82629,"minecraft:damage_taken":266,"minecraft:time_since_death":82629,"minecraft:walk_one_cm":20091,"minecraft:sneak_time":2037,"minecraft:total_world_time":82629,"minecraft:mob_kills":1,"minecraft:drop":3,"minecraft:fly_one_cm":215682},"minecraft:used":{"minecraft:polished_andesite":349,"minecraft:water_bucket":4,"minecraft:glass_pane":126}},"DataVersion":3465}