{"stats":{"minecraft:killed_by":{"iceandfire:fire_dragon":1},"minecraft:dropped":{"minecraft:water_bucket":2,"minecraft:iron_ingot":5,"minecraft:vindicator_spawn_egg":1,"minecraft:iron_sword":1,"minecraft:wheat_seeds":6,"minecraft:cherry_log":2,"minecraft:baked_potato":98,"minecraft:feather":2,"minecraft:cobblestone":16,"minecraft:leather":1,"minecraft:saddle":1,"minecraft:tropical_fish":1,"minecraft:rail":8,"minecraft:coal":1,"minecraft:stick":44,"minecraft:cobweb":2,"minecraft:dirt":9,"born_in_chaos_v1:pumpkin_staff":1,"born_in_chaos_v1:river_mint":1,"minecraft:torch":1,"tombstone:grave_key":4,"minecraft:repeater":1,"minecraft:wooden_axe":1,"minecraft:white_concrete":2,"minecraft:cherry_planks":4,"tombstone:grave_dust":3,"structure_gel:building_tool":2,"minecraft:sand":1,"minecraft:chainmail_leggings":1,"minecraft:string":2,"minecraft:pink_petals":41,"minecraft:bucket":1,"minecraft:birch_stairs":1,"minecraft:dandelion":2,"minecraft:bone":2,"magistuarmory:rustedchainmail_leggings":1,"minecraft:furnace":1,"minecraft:stone_axe":1,"alexsmobs:maggot":4,"minecraft:cobblestone_wall":1,"minecraft:wheat":1,"minecraft:yellow_wool":2,"born_in_chaos_v1:ethereal_spirit":1,"minecraft:cherry_sapling":6,"tombstone:tablet_of_recall":2,"magistuarmory:rustedhalfarmor_chestplate":1,"minecraft:rotten_flesh":80,"minecraft:oak_planks":15,"minecraft:light":2,"shieldexp:iron_shield":1,"minecraft:spruce_planks":2,"minecraft:bundle":2,"born_in_chaos_v1:corpse_maggot":2,"apotheosis:gem":6,"minecraft:oak_sapling":1,"minecraft:ladder":2,"minecraft:wooden_shovel":1,"minecraft:redstone_torch":1,"tombstone:essence_of_undeath":1,"minecraft:iron_bars":1,"minecraft:arrow":5,"minecraft:wooden_pickaxe":1,"medieval_craft_weapons:spear_1":2},"minecraft:mined":{"minecraft:red_carpet":8,"minecraft:pink_bed":15,"minecraft:cherry_log":203,"minecraft:ladder":1,"minecraft:grass_block":38,"minecraft:white_concrete":1,"minecraft:white_concrete_powder":2,"minecraft:furnace":2,"minecraft:iron_ore":4,"minecraft:fire":22,"minecraft:deepslate_iron_ore":4,"iceandfire:gold_pile":2,"minecraft:stone":308,"minecraft:cherry_stairs":9,"minecraft:bone_block":27,"minecraft:white_wool":1,"minecraft:deepslate_redstone_ore":5,"minecraft:cherry_planks":84,"minecraft:crafting_table":3,"minecraft:blast_furnace":1,"minecraft:tall_grass":10,"minecraft:cobblestone":1,"minecraft:wall_torch":4,"minecraft:pink_petals":67,"minecraft:cobblestone_wall":2,"realmrpg_skeletons:acrobat_skeleton":1,"minecraft:cherry_door":1,"minecraft:stone_brick_stairs":1,"minecraft:grass":82,"minecraft:coal_ore":30,"minecraft:oak_log":37,"minecraft:cherry_leaves":109,"minecraft:sand":6,"minecraft:dirt":33,"minecraft:cobweb":14,"born_in_chaos_v1:infernal_evil_pumpkin_s":1,"minecraft:oak_leaves":19,"minecraft:deepslate":168},"minecraft:crafted":{"minecraft:cherry_planks":708,"minecraft:oak_planks":76,"minecraft:iron_nugget":1,"minecraft:furnace":1,"minecraft:iron_axe":2,"minecraft:cherry_stairs":48,"minecraft:stone_pickaxe":1,"minecraft:chest":6,"minecraft:crafting_table":2,"minecraft:wooden_pickaxe":1,"minecraft:air":0,"minecraft:oak_boat":1,"minecraft:iron_chestplate":1,"minecraft:stick":36,"minecraft:iron_ingot":24,"minecraft:wooden_axe":1,"minecraft:stone_sword":1,"minecraft:cherry_door":3,"minecraft:iron_leggings":1,"minecraft:torch":20},"minecraft:used":{"minecraft:cherry_sapling":25,"minecraft:stone_sword":11,"minecraft:chest":6,"minecraft:iron_sword":213,"minecraft:cooked_chicken":1,"minecraft:iron_chestplate":1,"minecraft:torch":26,"minecraft:dirt":37,"minecraft:mutton":1,"minecraft:carrot":1,"magistuarmory:rustedhalfarmor_chestplate":1,"minecraft:wooden_axe":6,"minecraft:iron_axe":367,"minecraft:stone_bricks":4,"minecraft:furnace":2,"minecraft:potato":3,"tombstone:gift":4,"medieval_craft_weapons:spear_1":2,"minecraft:cooked_beef":77,"minecraft:cobbled_deepslate":18,"minecraft:cherry_log":25,"minecraft:cooked_mutton":51,"minecraft:water_bucket":4,"minecraft:spruce_door":8,"minecraft:baked_potato":87,"minecraft:oak_planks":29,"minecraft:stone_pickaxe":100,"minecraft:polished_andesite":349,"minecraft:wooden_pickaxe":3,"minecraft:cherry_planks":489,"minecraft:vindicator_spawn_egg":1,"minecraft:cookie":4,"minecraft:golden_apple":1,"minecraft:white_wool":1,"minecraft:sand":4,"minecraft:crafting_table":4,"minecraft:blast_furnace":1,"minecraft:diamond_pickaxe":487,"minecraft:cherry_door":3,"born_in_chaos_v1:pumpkin_staff":1,"minecraft:cat_spawn_egg":69,"minecraft:stone_axe":26,"minecraft:pink_bed":15,"minecraft:diamond_sword":243,"minecraft:cherry_stairs":54,"minecraft:cobblestone":24,"minecraft:glass_pane":210,"minecraft:oak_boat":1,"minecraft:birch_stairs":7},"minecraft:picked_up":{"minecraft:wooden_axe":1,"minecraft:crafting_table":3,"minecraft:iron_chestplate":2,"minecraft:wheat":2,"minecraft:chicken":1,"born_in_chaos_v1:river_mint":2,"minecraft:ladder":2,"minecraft:turtle_helmet":1,"minecraft:yellow_wool":2,"minecraft:diamond_sword":1,"minecraft:wooden_pickaxe":2,"tombstone:grave_key":3,"minecraft:light":2,"minecraft:shield":2,"minecraft:string":20,"born_in_chaos_v1:mesh_door":1,"minecraft:oak_sign":1,"minecraft:cracked_stone_bricks":1,"minecraft:gold_nugget":13,"minecraft:cobbled_deepslate":27,"minecraft:spruce_planks":2,"minecraft:beef":3,"minecraft:redstone_torch":1,"minecraft:wooden_shovel":1,"minecraft:iron_boots":1,"minecraft:furnace":2,"minecraft:raw_iron":22,"minecraft:stick":57,"apotheosis:gem":9,"minecraft:cherry_stairs":9,"minecraft:oak_fence":3,"minecraft:torch":7,"medieval_craft_weapons:titanite_nugget_1":3,"world:eflshousebase_4_spawn_egg":2,"medieval_craft_weapons:spear_1":2,"minecraft:cherry_log":193,"minecraft:cookie":4,"tombstone:grave_dust":2,"minecraft:carrot":1,"shieldexp:iron_shield":2,"minecraft:zombie_spawn_egg":1,"minecraft:arrow":13,"minecraft:rotten_flesh":121,"tombstone:essence_of_undeath":1,"minecraft:mutton":5,"minecraft:bone_block":32,"minecraft:iron_bars":1,"minecraft:rail":12,"minecraft:white_wool":6,"minecraft:cobblestone":118,"minecraft:basalt":3,"minecraft:pink_petals":180,"born_in_chaos_v1:corpse_maggot":2,"born_in_chaos_v1:monster_flesh":2,"minecraft:feather":3,"magistuarmory:rustedhalfarmor_chestplate":1,"minecraft:cooked_beef":132,"minecraft:repeater":1,"minecraft:cherry_planks":76,"born_in_chaos_v1:pumpkin_staff":1,"minecraft:leather":1,"minecraft:potato":2,"structure_gel:building_tool":2,"minecraft:oak_log":29,"minecraft:cobblestone_wall":2,"minecraft:cherry_door":1,"minecraft:dirt":75,"minecraft:cooked_mutton":2,"minecraft:bone":54,"minecraft:apple":1,"minecraft:stone_bricks":4,"minecraft:kelp":25,"minecraft:bow":1,"minecraft:wheat_seeds":8,"minecraft:stone_pickaxe":1,"minecraft:cooked_chicken":64,"minecraft:oak_planks":33,"minecraft:iron_sword":1,"minecraft:vindicator_spawn_egg":1,"minecraft:pink_bed":15,"travelersbackpack:squid":1,"born_in_chaos_v1:ethereal_spirit":1,"minecraft:dandelion":2,"minecraft:sand":6,"minecraft:ink_sac":2,"minecraft:blast_furnace":1,"magistuarmory:rustedchainmail_leggings":2,"minecraft:leather_helmet":1,"minecraft:bundle":2,"minecraft:white_concrete_powder":2,"minecraft:stone_axe":1,"magistuarmory:rusted_bastardsword":1,"tombstone:tablet_of_recall":2,"minecraft:chainmail_leggings":2,"minecraft:cherry_sapling":31,"minecraft:white_concrete":2,"minecraft:emerald":1,"alexsmobs:maggot":4,"minecraft:baked_potato":74,"minecraft:oak_sapling":2,"minecraft:coal":34,"minecraft:sunflower":2,"minecraft:diamond_pickaxe":1},"minecraft:broken":{"minecraft:iron_chestplate":1,"minecraft:iron_axe":1,"minecraft:turtle_helmet":1},"minecraft:custom":{"minecraft:mob_kills":69,"minecraft:interact_with_crafting_table":33,"minecraft:damage_dealt_resisted":961,"minecraft:leave_game":3,"minecraft:time_since_death":30051,"minecraft:climb_one_cm":6866,"minecraft:damage_resisted":0,"minecraft:sprint_one_cm":814877,"minecraft:walk_one_cm":799424,"minecraft:drop":186,"minecraft:play_time":434312,"minecraft:deaths":6,"minecraft:sneak_time":29299,"minecraft:walk_under_water_one_cm":46362,"minecraft:boat_one_cm":53100,"tombstone:tomb_raiding":1,"minecraft:jump":6871,"minecraft:walk_on_water_one_cm":36690,"minecraft:total_world_time":434312,"minecraft:interact_with_furnace":18,"tombstone:raider_killed":1,"minecraft:interact_with_loom":1,"minecraft:sleep_in_bed":11,"minecraft:time_since_rest":11416,"minecraft:damage_taken":14896,"tombstone:sneak_grave":19,"minecraft:damage_dealt":15876,"minecraft:swim_one_cm":50189,"minecraft:fly_one_cm":1704903,"minecraft:open_chest":105,"minecraft:crouch_one_cm":79435,"tombstone:undead_killed":32,"minecraft:fall_one_cm":190167},"minecraft:killed":{"born_in_chaos_v1:mr_pumpkin":4,"minecraft:witch":1,"minecraft:spider":3,"born_in_chaos_v1:maggot":3,"minecraft:skeleton":7,"medieval_craft_weapons:soldier":2,"majruszsdifficulty:creeperling":2,"realmrpg_demons:chort":5,"born_in_chaos_v1:skeleton_thrasher":1,"world:goblin":2,"minecraft:husk":2,"majruszsdifficulty:tank":1,"born_in_chaos_v1:decrepit_skeleton":1,"minecraft:sheep":3,"alexsmobs:cockroach":1,"minecraft:zombie":18,"born_in_chaos_v1:corpse_fly":1,"minecraft:stray":1,"alexsmobs:fly":3,"born_in_chaos_v1:door_knight":1,"cardinal_sins:stonewarrior":1,"medieval_craft_weapons:heavyknight":1,"minecraft:cow":1}},"DataVersion":3465}