{"stats":{"minecraft:killed_by":{"iceandfire:fire_dragon":1},"minecraft:dropped":{"minecraft:water_bucket":2,"minecraft:vindicator_spawn_egg":1,"minecraft:wheat_seeds":3,"minecraft:baked_potato":64,"minecraft:feather":2,"minecraft:cobblestone":7,"minecraft:tropical_fish":1,"minecraft:stick":9,"minecraft:cobweb":2,"tombstone:grave_key":2,"minecraft:repeater":1,"minecraft:wooden_axe":1,"minecraft:white_concrete":2,"tombstone:grave_dust":3,"structure_gel:building_tool":2,"minecraft:sand":1,"minecraft:string":2,"minecraft:birch_stairs":1,"minecraft:bucket":1,"minecraft:dandelion":2,"minecraft:bone":2,"magistuarmory:rustedchainmail_leggings":1,"minecraft:furnace":1,"alexsmobs:maggot":3,"minecraft:cobblestone_wall":1,"minecraft:yellow_wool":2,"minecraft:wheat":1,"magistuarmory:rustedhalfarmor_chestplate":1,"minecraft:rotten_flesh":8,"minecraft:oak_planks":15,"minecraft:light":2,"shieldexp:iron_shield":1,"minecraft:spruce_planks":2,"minecraft:bundle":1,"apotheosis:gem":4,"minecraft:oak_sapling":1,"minecraft:wooden_shovel":1,"minecraft:redstone_torch":1,"tombstone:essence_of_undeath":1,"minecraft:iron_bars":1,"minecraft:arrow":2,"minecraft:wooden_pickaxe":1,"medieval_craft_weapons:spear_1":2},"minecraft:mined":{"minecraft:red_carpet":8,"minecraft:pink_bed":1,"minecraft:grass_block":5,"minecraft:white_concrete":1,"minecraft:white_concrete_powder":2,"minecraft:furnace":1,"minecraft:iron_ore":2,"minecraft:fire":1,"iceandfire:gold_pile":2,"minecraft:stone":36,"minecraft:bone_block":27,"minecraft:white_wool":1,"minecraft:crafting_table":1,"minecraft:tall_grass":6,"minecraft:cobblestone_wall":2,"realmrpg_skeletons:acrobat_skeleton":1,"minecraft:grass":37,"minecraft:oak_log":32,"minecraft:dirt":3,"minecraft:sand":6,"minecraft:cobweb":1,"minecraft:oak_leaves":17},"minecraft:crafted":{"minecraft:oak_planks":52,"minecraft:stone_pickaxe":1,"minecraft:crafting_table":1,"minecraft:wooden_pickaxe":1,"minecraft:stick":12,"minecraft:wooden_axe":1,"minecraft:stone_sword":1},"minecraft:used":{"minecraft:stone_sword":11,"minecraft:iron_sword":168,"minecraft:cooked_chicken":1,"minecraft:iron_chestplate":1,"minecraft:mutton":1,"minecraft:carrot":1,"magistuarmory:rustedhalfarmor_chestplate":1,"minecraft:wooden_axe":6,"tombstone:gift":4,"medieval_craft_weapons:spear_1":2,"minecraft:cooked_beef":74,"minecraft:potato":3,"minecraft:cooked_mutton":8,"minecraft:water_bucket":4,"minecraft:spruce_door":8,"minecraft:polished_andesite":349,"minecraft:stone_pickaxe":83,"minecraft:baked_potato":13,"minecraft:oak_planks":3,"minecraft:wooden_pickaxe":3,"minecraft:vindicator_spawn_egg":1,"minecraft:cookie":4,"minecraft:white_wool":1,"minecraft:sand":4,"minecraft:crafting_table":1,"minecraft:cat_spawn_egg":69,"minecraft:stone_axe":18,"minecraft:cobblestone":18,"minecraft:glass_pane":210,"minecraft:birch_stairs":7},"minecraft:picked_up":{"minecraft:wooden_axe":1,"minecraft:crafting_table":1,"minecraft:iron_chestplate":1,"minecraft:wheat":2,"minecraft:chicken":1,"minecraft:turtle_helmet":1,"minecraft:yellow_wool":2,"minecraft:wooden_pickaxe":1,"tombstone:grave_key":1,"minecraft:shield":1,"minecraft:light":2,"minecraft:string":4,"born_in_chaos_v1:mesh_door":1,"minecraft:oak_sign":1,"minecraft:gold_nugget":13,"minecraft:spruce_planks":2,"minecraft:beef":1,"minecraft:redstone_torch":1,"minecraft:wooden_shovel":1,"minecraft:furnace":1,"minecraft:stick":6,"apotheosis:gem":5,"minecraft:torch":3,"world:eflshousebase_4_spawn_egg":2,"medieval_craft_weapons:spear_1":2,"minecraft:cookie":4,"tombstone:grave_dust":1,"minecraft:carrot":1,"shieldexp:iron_shield":2,"minecraft:arrow":3,"minecraft:rotten_flesh":11,"tombstone:essence_of_undeath":1,"minecraft:mutton":5,"minecraft:iron_bars":1,"minecraft:white_wool":5,"minecraft:bone_block":24,"minecraft:cobblestone":35,"minecraft:pink_petals":1,"magistuarmory:rustedhalfarmor_chestplate":1,"minecraft:feather":3,"minecraft:cooked_beef":130,"minecraft:repeater":1,"minecraft:potato":2,"structure_gel:building_tool":2,"minecraft:oak_log":29,"minecraft:cobblestone_wall":2,"minecraft:dirt":20,"minecraft:bone":6,"minecraft:apple":1,"minecraft:kelp":25,"minecraft:bow":1,"minecraft:wheat_seeds":5,"minecraft:stone_pickaxe":1,"minecraft:cooked_chicken":64,"minecraft:iron_sword":1,"minecraft:oak_planks":15,"minecraft:vindicator_spawn_egg":1,"minecraft:pink_bed":1,"minecraft:dandelion":2,"minecraft:sand":6,"minecraft:ink_sac":2,"magistuarmory:rustedchainmail_leggings":1,"minecraft:bundle":1,"minecraft:white_concrete_powder":2,"minecraft:stone_axe":1,"magistuarmory:rusted_bastardsword":1,"minecraft:white_concrete":2,"alexsmobs:maggot":3,"minecraft:baked_potato":64,"minecraft:oak_sapling":2,"minecraft:sunflower":2},"minecraft:custom":{"minecraft:mob_kills":30,"minecraft:interact_with_crafting_table":10,"minecraft:damage_dealt_resisted":499,"minecraft:leave_game":2,"minecraft:time_since_death":18480,"minecraft:climb_one_cm":4498,"minecraft:damage_resisted":0,"minecraft:sprint_one_cm":356182,"minecraft:walk_one_cm":355551,"minecraft:drop":81,"minecraft:play_time":253671,"minecraft:deaths":5,"minecraft:sneak_time":14250,"minecraft:walk_under_water_one_cm":37598,"tombstone:tomb_raiding":1,"minecraft:jump":3441,"minecraft:total_world_time":253671,"minecraft:walk_on_water_one_cm":18066,"minecraft:interact_with_loom":1,"minecraft:sleep_in_bed":3,"minecraft:time_since_rest":2849,"minecraft:damage_taken":8443,"tombstone:sneak_grave":19,"minecraft:damage_dealt":6542,"minecraft:swim_one_cm":33965,"minecraft:fly_one_cm":1160769,"minecraft:open_chest":44,"minecraft:crouch_one_cm":33593,"tombstone:undead_killed":9,"minecraft:fall_one_cm":95160},"minecraft:killed":{"minecraft:spider":2,"minecraft:skeleton":2,"medieval_craft_weapons:soldier":2,"realmrpg_demons:chort":4,"majruszsdifficulty:creeperling":1,"world:goblin":1,"majruszsdifficulty:tank":1,"minecraft:sheep":3,"minecraft:zombie":5,"born_in_chaos_v1:corpse_fly":1,"alexsmobs:fly":2,"born_in_chaos_v1:door_knight":1,"cardinal_sins:stonewarrior":1,"medieval_craft_weapons:heavyknight":1}},"DataVersion":3465}