{"stats":{"minecraft:killed_by":{"iceandfire:fire_dragon":1},"minecraft:dropped":{"minecraft:water_bucket":2,"minecraft:vindicator_spawn_egg":1,"minecraft:wheat_seeds":4,"minecraft:baked_potato":64,"minecraft:feather":2,"minecraft:cobblestone":7,"minecraft:tropical_fish":1,"minecraft:stick":10,"minecraft:dirt":5,"minecraft:cobweb":2,"born_in_chaos_v1:pumpkin_staff":1,"born_in_chaos_v1:river_mint":1,"minecraft:torch":1,"tombstone:grave_key":2,"minecraft:repeater":1,"minecraft:wooden_axe":1,"minecraft:white_concrete":2,"tombstone:grave_dust":3,"structure_gel:building_tool":2,"minecraft:sand":1,"minecraft:string":2,"minecraft:birch_stairs":1,"minecraft:bucket":1,"minecraft:dandelion":2,"minecraft:bone":2,"magistuarmory:rustedchainmail_leggings":1,"minecraft:furnace":1,"alexsmobs:maggot":3,"minecraft:cobblestone_wall":1,"minecraft:yellow_wool":2,"minecraft:wheat":1,"tombstone:tablet_of_recall":1,"magistuarmory:rustedhalfarmor_chestplate":1,"minecraft:rotten_flesh":8,"minecraft:oak_planks":15,"minecraft:light":2,"shieldexp:iron_shield":1,"minecraft:spruce_planks":2,"minecraft:bundle":1,"apotheosis:gem":5,"minecraft:oak_sapling":1,"minecraft:wooden_shovel":1,"minecraft:redstone_torch":1,"tombstone:essence_of_undeath":1,"minecraft:iron_bars":1,"minecraft:arrow":2,"minecraft:wooden_pickaxe":1,"medieval_craft_weapons:spear_1":2},"minecraft:mined":{"minecraft:red_carpet":8,"minecraft:pink_bed":2,"minecraft:grass_block":7,"minecraft:white_concrete":1,"minecraft:white_concrete_powder":2,"minecraft:furnace":1,"minecraft:iron_ore":4,"minecraft:fire":2,"iceandfire:gold_pile":2,"minecraft:stone":43,"minecraft:bone_block":27,"minecraft:white_wool":1,"minecraft:crafting_table":2,"minecraft:tall_grass":7,"minecraft:cobblestone_wall":2,"realmrpg_skeletons:acrobat_skeleton":1,"minecraft:grass":55,"minecraft:coal_ore":8,"minecraft:oak_log":37,"minecraft:dirt":5,"minecraft:sand":6,"minecraft:cobweb":9,"born_in_chaos_v1:infernal_evil_pumpkin_s":1,"minecraft:oak_leaves":18},"minecraft:crafted":{"minecraft:oak_planks":76,"minecraft:stone_pickaxe":1,"minecraft:crafting_table":1,"minecraft:wooden_pickaxe":1,"minecraft:oak_boat":1,"minecraft:stick":32,"minecraft:iron_ingot":5,"minecraft:wooden_axe":1,"minecraft:stone_sword":1,"minecraft:torch":20},"minecraft:used":{"minecraft:stone_sword":11,"minecraft:iron_sword":213,"minecraft:cooked_chicken":1,"minecraft:iron_chestplate":1,"minecraft:torch":2,"minecraft:mutton":1,"minecraft:carrot":1,"magistuarmory:rustedhalfarmor_chestplate":1,"minecraft:wooden_axe":6,"tombstone:gift":4,"medieval_craft_weapons:spear_1":2,"minecraft:cooked_beef":77,"minecraft:potato":3,"minecraft:cooked_mutton":12,"minecraft:water_bucket":4,"minecraft:spruce_door":8,"minecraft:polished_andesite":349,"minecraft:stone_pickaxe":100,"minecraft:baked_potato":35,"minecraft:oak_planks":11,"minecraft:wooden_pickaxe":3,"minecraft:vindicator_spawn_egg":1,"minecraft:golden_apple":1,"minecraft:cookie":4,"minecraft:white_wool":1,"minecraft:sand":4,"minecraft:crafting_table":2,"born_in_chaos_v1:pumpkin_staff":1,"minecraft:cat_spawn_egg":69,"minecraft:stone_axe":26,"minecraft:pink_bed":1,"minecraft:diamond_sword":76,"minecraft:cobblestone":18,"minecraft:glass_pane":210,"minecraft:oak_boat":1,"minecraft:birch_stairs":7},"minecraft:picked_up":{"minecraft:wooden_axe":1,"minecraft:crafting_table":2,"minecraft:iron_chestplate":1,"minecraft:wheat":2,"minecraft:chicken":1,"born_in_chaos_v1:river_mint":2,"minecraft:turtle_helmet":1,"minecraft:yellow_wool":2,"minecraft:diamond_sword":1,"minecraft:wooden_pickaxe":2,"tombstone:grave_key":1,"minecraft:shield":1,"minecraft:light":2,"minecraft:string":20,"born_in_chaos_v1:mesh_door":1,"minecraft:oak_sign":1,"minecraft:cracked_stone_bricks":1,"minecraft:gold_nugget":13,"minecraft:spruce_planks":2,"minecraft:beef":1,"minecraft:redstone_torch":1,"minecraft:wooden_shovel":1,"minecraft:iron_boots":1,"minecraft:furnace":1,"minecraft:raw_iron":18,"minecraft:stick":8,"apotheosis:gem":8,"minecraft:torch":3,"world:eflshousebase_4_spawn_egg":2,"medieval_craft_weapons:spear_1":2,"minecraft:cookie":4,"tombstone:grave_dust":1,"minecraft:carrot":1,"shieldexp:iron_shield":2,"minecraft:arrow":8,"minecraft:rotten_flesh":12,"tombstone:essence_of_undeath":1,"minecraft:mutton":5,"minecraft:iron_bars":1,"minecraft:white_wool":5,"minecraft:bone_block":24,"minecraft:cobblestone":42,"minecraft:pink_petals":1,"magistuarmory:rustedhalfarmor_chestplate":1,"minecraft:feather":3,"minecraft:cooked_beef":132,"minecraft:repeater":1,"born_in_chaos_v1:pumpkin_staff":1,"minecraft:potato":2,"structure_gel:building_tool":2,"minecraft:oak_log":29,"minecraft:cobblestone_wall":2,"minecraft:dirt":28,"minecraft:bone":12,"minecraft:apple":1,"minecraft:stone_bricks":4,"minecraft:kelp":25,"minecraft:bow":1,"minecraft:wheat_seeds":6,"minecraft:stone_pickaxe":1,"minecraft:cooked_chicken":64,"minecraft:iron_sword":1,"minecraft:oak_planks":30,"minecraft:vindicator_spawn_egg":1,"minecraft:pink_bed":2,"minecraft:dandelion":2,"minecraft:sand":6,"minecraft:ink_sac":2,"magistuarmory:rustedchainmail_leggings":1,"minecraft:leather_helmet":1,"minecraft:bundle":1,"minecraft:white_concrete_powder":2,"minecraft:stone_axe":1,"magistuarmory:rusted_bastardsword":1,"minecraft:chainmail_leggings":1,"tombstone:tablet_of_recall":2,"minecraft:white_concrete":2,"minecraft:emerald":1,"alexsmobs:maggot":3,"minecraft:baked_potato":64,"minecraft:oak_sapling":2,"minecraft:coal":6,"minecraft:diamond_pickaxe":1,"minecraft:sunflower":2},"minecraft:broken":{"minecraft:iron_chestplate":1},"minecraft:custom":{"minecraft:mob_kills":38,"minecraft:interact_with_crafting_table":13,"minecraft:damage_dealt_resisted":751,"minecraft:leave_game":2,"minecraft:time_since_death":48480,"minecraft:climb_one_cm":4498,"minecraft:damage_resisted":0,"minecraft:sprint_one_cm":466096,"minecraft:walk_one_cm":434432,"minecraft:drop":93,"minecraft:play_time":283671,"minecraft:deaths":5,"minecraft:sneak_time":15021,"minecraft:walk_under_water_one_cm":46362,"minecraft:boat_one_cm":53100,"tombstone:tomb_raiding":1,"minecraft:jump":4023,"minecraft:total_world_time":283671,"minecraft:walk_on_water_one_cm":28769,"minecraft:interact_with_furnace":6,"tombstone:raider_killed":1,"minecraft:interact_with_loom":1,"minecraft:sleep_in_bed":4,"minecraft:time_since_rest":20203,"minecraft:damage_taken":10389,"tombstone:sneak_grave":19,"minecraft:damage_dealt":10151,"minecraft:swim_one_cm":50189,"minecraft:fly_one_cm":1299832,"minecraft:open_chest":62,"minecraft:crouch_one_cm":36657,"tombstone:undead_killed":12,"minecraft:fall_one_cm":116188},"minecraft:killed":{"born_in_chaos_v1:mr_pumpkin":4,"minecraft:witch":1,"minecraft:spider":2,"minecraft:skeleton":3,"medieval_craft_weapons:soldier":2,"realmrpg_demons:chort":4,"majruszsdifficulty:creeperling":1,"world:goblin":1,"majruszsdifficulty:tank":1,"minecraft:sheep":3,"minecraft:zombie":6,"born_in_chaos_v1:corpse_fly":1,"minecraft:stray":1,"alexsmobs:fly":2,"born_in_chaos_v1:door_knight":1,"cardinal_sins:stonewarrior":1,"medieval_craft_weapons:heavyknight":1}},"DataVersion":3465}