{"stats":{"minecraft:killed_by":{"antlers:wendigo":1},"minecraft:picked_up":{"minecraft:pink_petals":1,"minecraft:stick":3,"minecraft:coarse_dirt":1,"apotheosis:gem":1,"minecraft:ladder":3,"minecraft:diamond_sword":1,"medieval_craft_weapons:titanite_nugget_1":3,"minecraft:spider_eye":1,"minecraft:dirt":13,"minecraft:string":1,"born_in_chaos_v1:marigolds":4,"minecraft:wheat_seeds":1,"minecraft:iron_helmet":2,"minecraft:cooked_chicken":60,"alexsmobs:maggot":2,"minecraft:skeleton_skull":1,"minecraft:cobblestone":5},"minecraft:used":{"alexsmobs:maggot":2,"minecraft:iron_helmet":1,"minecraft:cooked_chicken":11,"minecraft:pink_petals":1,"minecraft:cobblestone":4,"minecraft:coarse_dirt":1},"minecraft:crafted":{"minecraft:iron_ingot":2},"minecraft:mined":{"minecraft:skeleton_skull":1,"minecraft:pink_petals":1,"minecraft:fire":1,"minecraft:grass":2,"minecraft:dirt":1,"minecraft:tall_grass":1},"minecraft:dropped":{"minecraft:dirt":26,"minecraft:wheat_seeds":1,"alexsmobs:animal_dictionary":1,"minecraft:ladder":3,"minecraft:iron_helmet":1,"theoneprobe:probenote":1,"born_in_chaos_v1:marigolds":3,"patchouli:guide_book":1},"minecraft:custom":{"minecraft:time_since_rest":11988,"minecraft:sprint_one_cm":45058,"minecraft:damage_taken":1325,"minecraft:walk_one_cm":60604,"minecraft:drop":12,"minecraft:damage_dealt":63,"minecraft:fly_one_cm":24844,"minecraft:interact_with_crafting_table":2,"minecraft:open_chest":10,"minecraft:play_time":18029,"minecraft:deaths":1,"minecraft:walk_under_water_one_cm":6078,"minecraft:jump":142,"minecraft:damage_dealt_resisted":57,"minecraft:leave_game":1,"minecraft:walk_on_water_one_cm":2324,"minecraft:time_since_death":13740,"minecraft:total_world_time":18029,"minecraft:climb_one_cm":3523,"minecraft:fall_one_cm":2418}},"DataVersion":3465}