{"stats":{"minecraft:killed_by":{"minecraft:zombified_piglin":1,"minecraft:zombie":1,"iceandfire:fire_dragon":1,"minecraft:husk":1,"minecraft:player":2,"iceandfire:hydra":1,"antlers:wendigo":4},"minecraft:dropped":{"iceandfire:chared_stone":10,"minecraft:iron_sword":1,"minecraft:cooked_beef":313,"minecraft:golden_pickaxe":1,"minecraft:ender_pearl":1,"minecraft:diamond":27,"minecraft:leather":2,"magistuarmory:rustednorman_helmet":1,"minecraft:emerald":1,"minecraft:dirt":24,"cardinal_sins:greatswordofwrath":6,"minecraft:crimson_roots":1,"magistuarmory:rusted_bastardsword":1,"minecraft:gold_nugget":34,"minecraft:wooden_sword":1,"minecraft:bone_block":13,"minecraft:sunflower":4,"minecraft:sand":30,"minecraft:iron_pickaxe":1,"minecraft:dark_oak_planks":4,"minecraft:white_wool":3,"minecraft:bone":13,"magistuarmory:rustedchainmail_leggings":2,"minecraft:gravel":1,"minecraft:pink_bed":1,"minecraft:iron_nugget":79,"minecraft:cooked_chicken":124,"minecraft:cobbled_deepslate":27,"apotheosis:glowing_hellshelf":1,"minecraft:yellow_wool":1,"minecraft:netherite_sword":4,"minecraft:wheat":15,"world:dragonb_chestplate":1,"tombstone:tablet_of_recall":1,"minecraft:rotten_flesh":32,"minecraft:oak_planks":15,"minecraft:enchanted_golden_apple":32,"born_in_chaos_v1:dark_metal_armor_boots":1,"minecraft:carrot":1,"minecraft:trident":1,"minecraft:beetroot_seeds":5,"born_in_chaos_v1:corpse_maggot":11,"apotheosis:gem":5,"world:dragonb_helmet":1,"minecraft:iron_bars":5,"minecraft:arrow":19,"born_in_chaos_v1:marigolds":3,"minecraft:iron_ingot":2,"minecraft:bread":1,"minecraft:wheat_seeds":9,"minecraft:clock":1,"minecraft:golden_helmet":2,"minecraft:iron_helmet":1,"minecraft:cobblestone":2,"born_in_chaos_v1:magical_holiday_candy":64,"majruszsdifficulty:soul_jar":2,"minecraft:granite":2,"cataclysm:burning_ashes":65,"born_in_chaos_v1:soul_cutlass":1,"minecraft:coal":1,"minecraft:stick":14,"magistuarmory:rustedcrusader_boots":1,"born_in_chaos_v1:pumpkin_staff":1,"minecraft:milk_bucket":1,"minecraft:torch":15,"tombstone:grave_key":1,"minecraft:wooden_axe":1,"tombstone:grave_dust":4,"structure_gel:building_tool":1,"minecraft:iron_leggings":1,"minecraft:golden_hoe":1,"iceandfire:dragonsteel_fire_sword":2,"minecraft:chainmail_leggings":1,"minecraft:string":92,"minecraft:pink_petals":7,"minecraft:dandelion":1,"warriorsofpastepoch:batwing":2,"alexsmobs:maggot":4,"born_in_chaos_v1:black_argillite_brick_stairs":4,"minecraft:coarse_dirt":1,"minecraft:cocoa_beans":1,"minecraft:raw_iron":36,"iceandfire:witherbone":1,"magistuarmory:rustedhalfarmor_chestplate":3,"minecraft:iron_boots":1,"world:darkflame":1,"minecraft:oak_sign":1,"minecraft:pumpkin_seeds":83,"minecraft:light":6,"minecraft:filled_map":1,"minecraft:diamond_sword":3,"shieldexp:iron_shield":2,"minecraft:shield":2,"medieval_craft_weapons:mighty_stick":2,"minecraft:iron_chestplate":6,"minecraft:diamond_pickaxe":1,"minecraft:mossy_stone_bricks":1,"minecraft:wooden_shovel":1,"minecraft:spider_eye":8,"tombstone:essence_of_undeath":1,"medieval_craft_weapons:titanite_nugget_1":6,"minecraft:wooden_pickaxe":1},"minecraft:mined":{"minecraft:white_bed":3,"minecraft:cherry_log":2,"minecraft:granite":4,"minecraft:grass_block":19,"minecraft:spawner":8,"minecraft:magma_block":1,"minecraft:iron_ore":26,"minecraft:fire":3,"minecraft:cobbled_deepslate":3,"born_in_chaos_v1:black_argillite_brick_stairs":5,"minecraft:anvil":1,"iceandfire:gold_pile":7,"minecraft:iron_bars":3,"minecraft:deepslate_redstone_ore":7,"minecraft:glass":1,"minecraft:cobblestone":2,"minecraft:oak_planks":1,"minecraft:wall_torch":23,"minecraft:yellow_wool":3,"minecraft:birch_log":2,"born_in_chaos_v1:black_argillite_brick":3,"minecraft:grass":30,"minecraft:oak_log":20,"minecraft:sand":54,"minecraft:dirt":5,"minecraft:netherrack":4,"minecraft:deepslate":89,"minecraft:oak_leaves":10,"iceandfire:chared_stone":1,"minecraft:tuff":10,"minecraft:mossy_cobblestone":2,"minecraft:deepslate_diamond_ore":3,"born_in_chaos_v1:black_argillite":18,"minecraft:crimson_roots":1,"minecraft:diamond_block":2,"minecraft:deepslate_iron_ore":8,"minecraft:rail":2,"minecraft:stone":53,"minecraft:bone_block":30,"travelersbackpack:standard":1,"minecraft:tall_grass":2,"born_in_chaos_v1:chipped_black_argillite_brick":2,"minecraft:lapis_ore":3,"minecraft:diorite":1,"minecraft:coarse_dirt":2,"minecraft:coal_ore":52,"minecraft:sunflower":4,"minecraft:cobweb":59,"minecraft:cracked_stone_bricks":1,"minecraft:stone_bricks":1,"minecraft:polished_andesite":2,"minecraft:mossy_stone_bricks":3},"minecraft:crafted":{"minecraft:smooth_stone":3,"minecraft:oak_planks":80,"travelersbackpack:yellow_sleeping_bag":1,"minecraft:stone":11,"shieldexp:iron_shield":2,"born_in_chaos_v1:dark_metal_ingot":1,"shieldexp:golden_shield":1,"minecraft:glass":23,"minecraft:iron_boots":2,"minecraft:chest":2,"born_in_chaos_v1:pileof_dark_metal":1,"minecraft:crafting_table":13,"minecraft:spruce_planks":4,"minecraft:wooden_pickaxe":1,"travelersbackpack:standard":1,"tombstone:decorative_grave_simple":2,"minecraft:birch_planks":8,"minecraft:string":16,"minecraft:iron_chestplate":2,"minecraft:diamond_pickaxe":2,"minecraft:stick":36,"minecraft:iron_ingot":8,"minecraft:iron_pickaxe":1,"minecraft:gold_ingot":7,"tombstone:book_of_disenchantment":1,"minecraft:cherry_planks":8,"minecraft:wooden_sword":1,"minecraft:furnace":3,"minecraft:blast_furnace":1,"minecraft:diamond":27,"medieval_craft_weapons:mighty_stick":1,"minecraft:dark_oak_planks":8,"minecraft:diamond_sword":2,"travelersbackpack:backpack_tank":2,"minecraft:iron_sword":1,"born_in_chaos_v1:bone_heart":1,"minecraft:air":0,"minecraft:white_wool":6,"tombstone:dark_marble":8,"minecraft:wooden_axe":1,"minecraft:iron_leggings":1,"minecraft:white_bed":1,"minecraft:torch":8},"minecraft:used":{"minecraft:cherry_sapling":2,"born_in_chaos_v1:cursed_scarlet_ornate_glass_pane":13,"born_in_chaos_v1:dark_metal_armor_helmet":1,"minecraft:bone_block":13,"minecraft:chest":1,"minecraft:shield":4,"minecraft:iron_sword":243,"minecraft:stone":13,"medieval_craft_weapons:mighty_stick":59,"minecraft:rotten_flesh":6,"minecraft:iron_chestplate":1,"magistuarmory:netherite_rondache":41,"minecraft:soul_sand":2,"minecraft:carrot":1,"born_in_chaos_v1:soul_cutlass":1099,"minecraft:obsidian":9,"minecraft:milk_bucket":3,"tombstone:decorative_grave_simple":2,"minecraft:villager_spawn_egg":1,"minecraft:grass_block":3,"iceandfire:dragonsteel_fire_sword":35,"minecraft:reinforced_deepslate":34,"born_in_chaos_v1:fel_lamp":19,"minecraft:furnace":2,"realmrpg_demons:chort_spawn_egg":1,"minecraft:oak_planks":2,"cataclysm:abyssal_egg":1,"minecraft:wooden_pickaxe":18,"minecraft:sandstone":162,"born_in_chaos_v1:mr_pumpkin_spawn_egg":1,"cataclysm:altar_of_abyss":1,"minecraft:golden_hoe":2,"minecraft:netherite_leggings":1,"minecraft:blast_furnace":1,"aquamirae:frozen_chest":1,"minecraft:netherite_helmet":1,"born_in_chaos_v1:dark_metal_armor_boots":1,"born_in_chaos_v1:monster_flesh":1,"minecraft:bread":3,"born_in_chaos_v1:pumpkin_staff":1,"cataclysm:ignitium_helmet":1,"minecraft:gravel":7,"iceandfire:chared_cobblestone":7,"minecraft:diamond_sword":401,"minecraft:wooden_sword":14,"plushie_buddies:plushie_creeper":7,"cataclysm:ignitium_elytra_chestplate":1,"minecraft:bone_meal":726,"minecraft:cobweb":13,"minecraft:netherite_sword":57,"minecraft:trident":20,"minecraft:iron_bars":2,"minecraft:flint_and_steel":1,"cardinal_sins:dragongreatsword":28,"minecraft:cooked_chicken":4,"minecraft:netherrack":4,"minecraft:torch":18,"minecraft:dirt":20,"minecraft:anvil":1,"apotheosis:glowing_hellshelf":2,"world:goblin_spawn_egg":1,"minecraft:golden_shovel":32,"minecraft:jungle_trapdoor":2,"born_in_chaos_v1:supreme_measure":11,"cataclysm:ignitium_leggings":1,"minecraft:iron_boots":2,"cardinal_sins:greatswordofwrath":3,"tombstone:gift":7,"minecraft:cooked_beef":348,"minecraft:cobbled_deepslate":1,"minecraft:enchanted_golden_apple":26,"cataclysm:altar_of_amethyst":1,"cataclysm:ignitium_boots":1,"minecraft:water_bucket":29,"minecraft:sandstone_stairs":260,"minecraft:polished_andesite":543,"minecraft:netherite_chestplate":1,"minecraft:cherry_planks":2,"born_in_chaos_v1:dark_metal_armor_leggings":1,"born_in_chaos_v1:black_argillite_brick_stairs":1,"minecraft:diamond_block":2,"minecraft:crafting_table":12,"minecraft:white_bed":4,"tombstone:bag_of_seeds":1,"born_in_chaos_v1:dark_metal_armor_chestplate":1,"majruszsdifficulty:undead_army_treasure_bag":1,"minecraft:light":432,"minecraft:diamond_pickaxe":247,"minecraft:sunflower":1,"minecraft:iron_pickaxe":89,"born_in_chaos_v1:magical_holiday_candy":18,"tombstone:magic_scroll":1,"minecraft:cobblestone":11,"travelersbackpack:standard":16,"born_in_chaos_v1:tombstone_dark_titan_066":2,"minecraft:cooked_porkchop":2,"minecraft:bucket":2,"minecraft:glass_pane":275,"minecraft:kelp":32},"minecraft:picked_up":{"minecraft:iron_chestplate":3,"minecraft:wheat":15,"minecraft:chainmail_boots":1,"minecraft:anvil":1,"minecraft:prismarine_shard":6,"minecraft:yellow_wool":3,"minecraft:diamond_sword":1,"minecraft:enchanted_book":1,"tombstone:grave_key":1,"minecraft:light":64,"minecraft:string":90,"minecraft:iron_leggings":1,"minecraft:oak_sign":1,"minecraft:gold_nugget":242,"minecraft:cobbled_deepslate":27,"minecraft:wooden_shovel":1,"minecraft:enchanted_golden_apple":2,"minecraft:iron_boots":2,"cardinal_sins:greatswordofwrath":7,"minecraft:stick":11,"apotheosis:gem":9,"minecraft:torch":25,"minecraft:acacia_log":1,"minecraft:porkchop":8,"minecraft:cherry_log":2,"cataclysm:burning_ashes":1,"tombstone:grave_dust":25,"born_in_chaos_v1:black_argillite_brick_stairs":4,"magistuarmory:rustedcrusader_chestplate":1,"minecraft:golden_chestplate":1,"minecraft:rotten_flesh":73,"medieval_craft_weapons:mighty_stick":1,"minecraft:blaze_rod":1,"minecraft:obsidian":6,"minecraft:iron_bars":7,"minecraft:cobblestone":64,"minecraft:birch_log":2,"minecraft:pink_petals":79,"minecraft:feather":5,"minecraft:cooked_beef":52,"minecraft:cherry_planks":4,"structure_gel:building_tool":1,"born_in_chaos_v1:dark_metal_armor_chestplate":1,"realmrpg_demons:chort_spawn_egg":1,"cataclysm:gauntlet_of_guard":1,"minecraft:lapis_lazuli":25,"minecraft:dirt":105,"born_in_chaos_v1:monster_skin":7,"born_in_chaos_v1:marigolds":3,"minecraft:leather_boots":1,"minecraft:bone":44,"minecraft:wheat_seeds":11,"world:dragonb_chestplate":1,"cataclysm:abyssal_egg":1,"minecraft:mossy_stone_bricks":1,"minecraft:oak_planks":19,"world:dragonb_helmet":1,"minecraft:sand":83,"minecraft:stripped_spruce_log":1,"minecraft:ink_sac":2,"minecraft:diamond_block":3,"magistuarmory:rustedgreathelm":1,"minecraft:dark_oak_log":2,"iceandfire:chared_cobblestone":7,"minecraft:bundle":1,"born_in_chaos_v1:supreme_measure":1,"minecraft:polished_andesite":2,"minecraft:diamond":3,"minecraft:granite":2,"born_in_chaos_v1:mr_pumpkin_spawn_egg":1,"minecraft:emerald":1,"alexsmobs:maggot":9,"minecraft:netherrack":4,"minecraft:crimson_roots":1,"minecraft:cocoa_beans":1,"minecraft:coarse_dirt":1,"minecraft:crafting_table":1,"iceandfire:witherbone":2,"minecraft:chicken":2,"born_in_chaos_v1:seedof_chaos":2,"minecraft:leather_leggings":1,"minecraft:shield":4,"minecraft:item_frame":3,"minecraft:netherite_sword":3,"minecraft:beef":7,"world:darkflame":1,"born_in_chaos_v1:gnawed_bones":3,"minecraft:iron_nugget":15,"cardinal_sins:dragongreatsword":1,"minecraft:egg":7,"minecraft:raw_iron":49,"born_in_chaos_v1:dark_metal_armor_helmet":1,"medieval_craft_weapons:titanite_nugget_1":15,"magistuarmory:rustedkettlehat":1,"minecraft:trident":1,"born_in_chaos_v1:pieceofdarkmetal":9,"minecraft:carrot":1,"minecraft:redstone":13,"minecraft:dark_oak_planks":4,"minecraft:arrow":20,"minecraft:beetroot_seeds":5,"majruszsdifficulty:soul_jar":3,"tombstone:essence_of_undeath":1,"world:goblin_spawn_egg":1,"minecraft:bone_block":34,"minecraft:white_wool":2,"born_in_chaos_v1:fused_bone":7,"born_in_chaos_v1:corpse_maggot":16,"minecraft:air":0,"magistuarmory:rustedhalfarmor_chestplate":3,"born_in_chaos_v1:monster_flesh":6,"born_in_chaos_v1:pumpkin_staff":2,"minecraft:glow_ink_sac":6,"cataclysm:ignitium_ingot":3,"minecraft:leather":11,"majruszsdifficulty:cloth":16,"cataclysm:void_jaw":3,"minecraft:oak_log":20,"born_in_chaos_v1:dark_metal_armor_leggings":1,"tombstone:gift":1,"born_in_chaos_v1:soul_cutlass":2,"minecraft:apple":1,"minecraft:kelp":449,"alexsmobs:cockroach_wing_fragment":4,"minecraft:iron_ingot":9,"minecraft:cooked_chicken":65,"born_in_chaos_v1:chipped_black_argillite_brick":1,"minecraft:cobweb":13,"tombstone:bag_of_seeds":1,"born_in_chaos_v1:fel_lamp":1,"minecraft:acacia_sapling":1,"iceandfire:chared_stone":10,"minecraft:pink_bed":1,"minecraft:milk_bucket":2,"magistuarmory:rustedchainmail_chestplate":1,"iceandfire:dragonsteel_fire_sword":2,"warriorsofpastepoch:batwing":14,"iceandfire:ash":1,"born_in_chaos_v1:ethereal_spirit":10,"minecraft:dandelion":1,"born_in_chaos_v1:dark_metal_armor_boots":2,"minecraft:gravel":5,"magistuarmory:rustednorman_helmet":2,"cardinal_sins:greataxeofgluttony":1,"born_in_chaos_v1:fangofthe_hound_leader":3,"minecraft:white_bed":3,"magistuarmory:rustedchainmail_leggings":2,"cardinal_sins:darksteelingot":1,"minecraft:spider_eye":9,"travelersbackpack:standard":1,"minecraft:pumpkin_seeds":109,"magistuarmory:rusted_bastardsword":1,"minecraft:chainmail_leggings":1,"magistuarmory:rustedcrusader_boots":2,"minecraft:iron_helmet":1,"tombstone:magic_scroll":2,"minecraft:coal":76,"minecraft:sunflower":6,"minecraft:ender_pearl":1},"minecraft:broken":{"minecraft:leather_leggings":1,"minecraft:iron_boots":4,"minecraft:iron_chestplate":3,"minecraft:golden_shovel":1,"minecraft:iron_leggings":2,"minecraft:netherite_chestplate":1,"minecraft:chainmail_boots":1,"minecraft:iron_sword":1,"minecraft:netherite_leggings":1,"shieldexp:netherite_shield":1,"minecraft:netherite_helmet":1,"magistuarmory:rustedcrusader_chestplate":1,"magistuarmory:rustedgreathelm":1,"minecraft:shield":1,"magistuarmory:rustedchainmail_chestplate":1,"minecraft:netherite_boots":1},"minecraft:custom":{"minecraft:interact_with_crafting_table":62,"minecraft:open_barrel":29,"minecraft:leave_game":7,"minecraft:time_since_death":11552,"minecraft:damage_resisted":822,"minecraft:sprint_one_cm":1416980,"minecraft:damage_blocked_by_shield":411,"minecraft:drop":256,"minecraft:play_time":603753,"minecraft:deaths":45,"minecraft:jump":11420,"minecraft:walk_on_water_one_cm":99166,"minecraft:interact_with_furnace":49,"minecraft:sleep_in_bed":9,"minecraft:damage_dealt":98117,"tombstone:use_disenchantment":1,"minecraft:player_kills":3,"minecraft:crouch_one_cm":16165,"tombstone:undead_killed":181,"tombstone:villager_killed":1,"minecraft:interact_with_anvil":9,"minecraft:mob_kills":413,"minecraft:damage_dealt_resisted":4833,"minecraft:climb_one_cm":19594,"minecraft:walk_one_cm":898370,"tombstone:consume_soul":1,"minecraft:damage_dealt_absorbed":81,"minecraft:sneak_time":19198,"minecraft:walk_under_water_one_cm":190378,"minecraft:interact_with_blast_furnace":2,"minecraft:total_world_time":603753,"tombstone:raider_killed":1,"minecraft:time_since_rest":10944,"minecraft:damage_taken":85178,"minecraft:damage_absorbed":1240,"minecraft:trigger_trapped_chest":1,"minecraft:swim_one_cm":136591,"minecraft:fly_one_cm":4045554,"minecraft:open_chest":184,"minecraft:aviate_one_cm":4484,"minecraft:fall_one_cm":483847},"minecraft:killed":{"minecraft:cave_spider":3,"born_in_chaos_v1:mr_pumpkin":10,"minecraft:zombified_piglin":1,"born_in_chaos_v1:restless_spirit":5,"born_in_chaos_v1:zombie_lumberjack":1,"born_in_chaos_v1:sir_the_headless":1,"minecraft:spider":17,"medieval_craft_weapons:knight":5,"born_in_chaos_v1:siamese_skeletonsright":2,"world:dryad":1,"minecraft:skeleton":39,"medieval_craft_weapons:soldier":9,"minecraft:bee":1,"minecraft:chicken":1,"realmrpg_demons:chort":25,"born_in_chaos_v1:skeleton_thrasher":1,"majruszsdifficulty:creeperling":7,"born_in_chaos_v1:bonescaller":2,"minecraft:zombie_villager":1,"majruszsdifficulty:tank":2,"minecraft:creeper":1,"minecraft:sheep":1,"antlers:wendigomad":1,"minecraft:zombie":88,"born_in_chaos_v1:dread_hound":9,"born_in_chaos_v1:corpse_fly":16,"minecraft:stray":4,"alexsmobs:fly":5,"born_in_chaos_v1:door_knight":2,"born_in_chaos_v1:siamese_skeletonsleft":2,"minecraft:blaze":2,"minecraft:cow":2,"medieval_craft_weapons:heavyknight":1,"alexscaves:tremorsaurus":1,"cardinal_sins:skeletonofgluttony":5,"alexsmobs:raccoon":1,"minecraft:vindicator":1,"medieval_craft_weapons:archer":3,"born_in_chaos_v1:skeleton_thrasher_not_despawn":1,"born_in_chaos_v1:maggot":36,"born_in_chaos_v1:pumpkinhead":1,"born_in_chaos_v1:dire_hound_leader":1,"majruszsdifficulty:cerberus":1,"born_in_chaos_v1:barrel_zombie":1,"world:goblin":17,"born_in_chaos_v1:spiritof_chaos":1,"born_in_chaos_v1:fallen_chaos_knight":1,"minecraft:husk":16,"born_in_chaos_v1:felsteed":1,"world:dragonfly_2":1,"born_in_chaos_v1:baby_skeleton":2,"born_in_chaos_v1:swarmer":1,"minecraft:bat":2,"majruszsdifficulty:cursed_armor":5,"born_in_chaos_v1:decrepit_skeleton":2,"alexsmobs:elephant":1,"cataclysm:ignis":1,"born_in_chaos_v1:nightmare_stalker":1,"minecraft:wither_skeleton":10,"minecraft:villager":1,"minecraft:enderman":1}},"DataVersion":3465}