{"stats":{"minecraft:killed_by":{"minecraft:husk":1,"minecraft:player":2,"minecraft:zombified_piglin":1,"minecraft:zombie":1,"antlers:wendigo":1,"iceandfire:fire_dragon":1},"minecraft:dropped":{"minecraft:wheat_seeds":2,"minecraft:cooked_beef":100,"born_in_chaos_v1:magical_holiday_candy":64,"cataclysm:burning_ashes":65,"minecraft:stick":1,"minecraft:dirt":4,"minecraft:milk_bucket":1,"cardinal_sins:greatswordofwrath":6,"minecraft:torch":4,"structure_gel:building_tool":1,"minecraft:wooden_sword":1,"minecraft:sunflower":3,"iceandfire:dragonsteel_fire_sword":2,"minecraft:cooked_chicken":64,"apotheosis:glowing_hellshelf":1,"minecraft:netherite_sword":4,"minecraft:wheat":2,"world:dragonb_chestplate":1,"magistuarmory:rustedhalfarmor_chestplate":1,"world:darkflame":1,"minecraft:enchanted_golden_apple":32,"born_in_chaos_v1:dark_metal_armor_boots":1,"minecraft:light":6,"minecraft:iron_chestplate":2,"minecraft:wooden_shovel":1,"tombstone:essence_of_undeath":1,"world:dragonb_helmet":1},"minecraft:mined":{"minecraft:grass_block":13,"minecraft:iron_ore":15,"minecraft:deepslate_iron_ore":2,"minecraft:iron_bars":1,"minecraft:stone":18,"minecraft:deepslate_redstone_ore":4,"minecraft:cobblestone":2,"minecraft:glass":1,"minecraft:tall_grass":1,"minecraft:wall_torch":1,"minecraft:grass":14,"minecraft:oak_log":7,"minecraft:coal_ore":3,"minecraft:sunflower":2,"minecraft:oak_leaves":4,"minecraft:deepslate":3,"iceandfire:chared_stone":1},"minecraft:crafted":{"minecraft:wooden_sword":1,"minecraft:oak_planks":28,"medieval_craft_weapons:mighty_stick":1,"minecraft:crafting_table":1,"minecraft:wooden_pickaxe":1,"minecraft:stick":12,"minecraft:iron_pickaxe":1,"minecraft:wooden_axe":1,"minecraft:torch":8},"minecraft:used":{"minecraft:cherry_sapling":2,"minecraft:netherite_sword":57,"born_in_chaos_v1:cursed_scarlet_ornate_glass_pane":13,"born_in_chaos_v1:dark_metal_armor_helmet":1,"minecraft:flint_and_steel":1,"minecraft:iron_sword":16,"cardinal_sins:dragongreatsword":28,"minecraft:stone":13,"medieval_craft_weapons:mighty_stick":59,"minecraft:cooked_chicken":4,"minecraft:torch":2,"magistuarmory:netherite_rondache":41,"minecraft:dirt":5,"minecraft:soul_sand":2,"apotheosis:glowing_hellshelf":2,"minecraft:golden_shovel":2,"minecraft:jungle_trapdoor":2,"minecraft:obsidian":9,"minecraft:milk_bucket":3,"born_in_chaos_v1:supreme_measure":11,"minecraft:villager_spawn_egg":1,"minecraft:grass_block":3,"cataclysm:ignitium_leggings":1,"minecraft:iron_boots":1,"iceandfire:dragonsteel_fire_sword":35,"minecraft:reinforced_deepslate":34,"cardinal_sins:greatswordofwrath":3,"tombstone:gift":3,"realmrpg_demons:chort_spawn_egg":1,"minecraft:cooked_beef":57,"minecraft:enchanted_golden_apple":25,"cataclysm:altar_of_amethyst":1,"cataclysm:ignitium_boots":1,"minecraft:water_bucket":29,"minecraft:sandstone_stairs":260,"minecraft:polished_andesite":543,"minecraft:netherite_chestplate":1,"cataclysm:abyssal_egg":1,"minecraft:wooden_pickaxe":18,"minecraft:sandstone":162,"born_in_chaos_v1:dark_metal_armor_leggings":1,"born_in_chaos_v1:black_argillite_brick_stairs":1,"cataclysm:altar_of_abyss":1,"minecraft:diamond_block":2,"minecraft:netherite_leggings":1,"minecraft:crafting_table":1,"aquamirae:frozen_chest":1,"minecraft:netherite_helmet":1,"born_in_chaos_v1:dark_metal_armor_boots":1,"born_in_chaos_v1:dark_metal_armor_chestplate":1,"minecraft:light":432,"minecraft:sunflower":1,"minecraft:iron_pickaxe":33,"born_in_chaos_v1:magical_holiday_candy":18,"cataclysm:ignitium_helmet":1,"minecraft:gravel":7,"iceandfire:chared_cobblestone":2,"minecraft:wooden_sword":14,"minecraft:cobblestone":4,"plushie_buddies:plushie_creeper":7,"minecraft:cooked_porkchop":2,"born_in_chaos_v1:tombstone_dark_titan_066":2,"minecraft:bucket":2,"minecraft:glass_pane":275,"cataclysm:ignitium_elytra_chestplate":1,"minecraft:kelp":32,"minecraft:bone_meal":726},"minecraft:picked_up":{"minecraft:wheat":6,"iceandfire:witherbone":1,"minecraft:chicken":2,"minecraft:light":64,"minecraft:shield":1,"minecraft:string":2,"minecraft:gold_nugget":178,"minecraft:cobbled_deepslate":3,"minecraft:netherite_sword":3,"minecraft:beef":7,"world:darkflame":1,"minecraft:wooden_shovel":1,"minecraft:enchanted_golden_apple":2,"cardinal_sins:dragongreatsword":1,"minecraft:egg":7,"cardinal_sins:greatswordofwrath":7,"minecraft:raw_iron":16,"born_in_chaos_v1:dark_metal_armor_helmet":1,"medieval_craft_weapons:titanite_nugget_1":5,"minecraft:porkchop":8,"cataclysm:burning_ashes":1,"minecraft:redstone":13,"minecraft:golden_chestplate":1,"minecraft:arrow":1,"minecraft:rotten_flesh":11,"minecraft:blaze_rod":1,"minecraft:iron_bars":1,"minecraft:white_wool":1,"minecraft:cobblestone":37,"born_in_chaos_v1:corpse_maggot":2,"minecraft:pink_petals":60,"minecraft:feather":3,"minecraft:air":0,"magistuarmory:rustedhalfarmor_chestplate":1,"minecraft:cooked_beef":5,"minecraft:glow_ink_sac":6,"cataclysm:ignitium_ingot":3,"minecraft:leather":5,"cataclysm:void_jaw":3,"structure_gel:building_tool":1,"born_in_chaos_v1:dark_metal_armor_chestplate":1,"minecraft:oak_log":7,"realmrpg_demons:chort_spawn_egg":1,"born_in_chaos_v1:dark_metal_armor_leggings":1,"cataclysm:gauntlet_of_guard":1,"minecraft:dirt":17,"minecraft:bone":2,"minecraft:apple":1,"minecraft:kelp":449,"minecraft:wheat_seeds":3,"alexsmobs:cockroach_wing_fragment":4,"minecraft:cooked_chicken":64,"world:dragonb_chestplate":1,"minecraft:iron_ingot":3,"cataclysm:abyssal_egg":1,"minecraft:acacia_sapling":1,"iceandfire:chared_stone":10,"minecraft:milk_bucket":2,"iceandfire:dragonsteel_fire_sword":2,"warriorsofpastepoch:batwing":10,"world:dragonb_helmet":1,"iceandfire:ash":1,"born_in_chaos_v1:dark_metal_armor_boots":2,"minecraft:gravel":4,"magistuarmory:rustednorman_helmet":1,"cardinal_sins:greataxeofgluttony":1,"minecraft:ink_sac":2,"iceandfire:chared_cobblestone":7,"born_in_chaos_v1:supreme_measure":1,"minecraft:iron_helmet":1,"alexsmobs:maggot":1,"minecraft:coal":7,"minecraft:sunflower":5},"minecraft:broken":{"minecraft:netherite_helmet":1,"minecraft:netherite_chestplate":1,"minecraft:netherite_leggings":1,"shieldexp:netherite_shield":1,"minecraft:netherite_boots":1},"minecraft:custom":{"minecraft:mob_kills":27,"minecraft:interact_with_crafting_table":5,"minecraft:damage_dealt_resisted":618,"minecraft:leave_game":2,"minecraft:time_since_death":7073,"minecraft:climb_one_cm":4267,"minecraft:damage_resisted":693,"minecraft:sprint_one_cm":318473,"minecraft:walk_one_cm":359263,"minecraft:damage_blocked_by_shield":54,"minecraft:drop":62,"minecraft:play_time":279871,"minecraft:deaths":18,"minecraft:sneak_time":14964,"minecraft:walk_under_water_one_cm":160915,"minecraft:jump":3251,"minecraft:walk_on_water_one_cm":27776,"minecraft:total_world_time":279871,"minecraft:sleep_in_bed":3,"minecraft:time_since_rest":6366,"minecraft:damage_taken":56391,"minecraft:damage_absorbed":1081,"minecraft:damage_dealt":25749,"minecraft:swim_one_cm":58938,"minecraft:fly_one_cm":2281506,"minecraft:player_kills":2,"minecraft:open_chest":52,"minecraft:crouch_one_cm":6098,"tombstone:undead_killed":11,"minecraft:aviate_one_cm":4484,"tombstone:villager_killed":1,"minecraft:fall_one_cm":204018},"minecraft:killed":{"alexscaves:tremorsaurus":1,"born_in_chaos_v1:maggot":2,"minecraft:skeleton":1,"realmrpg_demons:chort":4,"world:goblin":6,"minecraft:zombie":7,"cataclysm:ignis":1,"born_in_chaos_v1:door_knight":1,"minecraft:wither_skeleton":1,"minecraft:villager":1,"minecraft:blaze":2}},"DataVersion":3465}