{"stats":{"minecraft:dropped":{"cardinal_sins:greatswordofwrath":6,"minecraft:netherite_sword":3,"world:dragonb_chestplate":1,"minecraft:enchanted_golden_apple":32,"world:dragonb_helmet":1,"minecraft:light":1},"minecraft:killed":{"world:goblin":2,"alexscaves:tremorsaurus":1,"minecraft:villager":1},"minecraft:picked_up":{"cardinal_sins:greatswordofwrath":7,"born_in_chaos_v1:dark_metal_armor_helmet":1,"world:dragonb_helmet":1,"medieval_craft_weapons:titanite_nugget_1":1,"born_in_chaos_v1:dark_metal_armor_boots":1,"structure_gel:building_tool":1,"magistuarmory:rustednorman_helmet":1,"born_in_chaos_v1:dark_metal_armor_chestplate":1,"minecraft:light":64,"born_in_chaos_v1:dark_metal_armor_leggings":1,"minecraft:dirt":3,"minecraft:rotten_flesh":1,"minecraft:netherite_sword":3,"minecraft:iron_helmet":1,"world:dragonb_chestplate":1,"alexsmobs:maggot":1,"minecraft:enchanted_golden_apple":2},"minecraft:custom":{"minecraft:time_since_rest":91389,"minecraft:damage_taken":956,"minecraft:sprint_one_cm":47529,"minecraft:walk_one_cm":59898,"minecraft:damage_absorbed":373,"minecraft:mob_kills":4,"minecraft:drop":15,"minecraft:damage_dealt":2263,"minecraft:fly_one_cm":758631,"minecraft:crouch_one_cm":1716,"minecraft:play_time":91389,"minecraft:sneak_time":4137,"tombstone:villager_killed":1,"minecraft:jump":484,"minecraft:time_since_death":91389,"minecraft:damage_resisted":253,"minecraft:total_world_time":91389,"minecraft:fall_one_cm":6510},"minecraft:used":{"minecraft:netherite_sword":44,"minecraft:cherry_sapling":2,"minecraft:light":285,"minecraft:villager_spawn_egg":1,"minecraft:grass_block":2,"minecraft:polished_andesite":49,"minecraft:stone":13,"minecraft:reinforced_deepslate":34,"cardinal_sins:greatswordofwrath":3,"minecraft:enchanted_golden_apple":12},"minecraft:mined":{"minecraft:grass":1,"minecraft:grass_block":4,"minecraft:oak_leaves":2}},"DataVersion":3465}