{"stats":{"minecraft:killed_by":{"minecraft:husk":1,"minecraft:player":2,"minecraft:zombified_piglin":1,"minecraft:zombie":1,"antlers:wendigo":1,"iceandfire:fire_dragon":1},"minecraft:dropped":{"minecraft:wheat_seeds":2,"minecraft:clock":1,"minecraft:cooked_beef":138,"minecraft:diamond":27,"minecraft:iron_helmet":1,"born_in_chaos_v1:magical_holiday_candy":64,"cataclysm:burning_ashes":65,"minecraft:coal":1,"minecraft:stick":6,"magistuarmory:rustedcrusader_boots":1,"minecraft:dirt":4,"minecraft:milk_bucket":1,"cardinal_sins:greatswordofwrath":6,"minecraft:torch":10,"minecraft:wooden_axe":1,"magistuarmory:rusted_bastardsword":1,"tombstone:grave_dust":4,"structure_gel:building_tool":1,"minecraft:wooden_sword":1,"minecraft:gold_nugget":34,"minecraft:sunflower":4,"minecraft:sand":30,"minecraft:iron_pickaxe":1,"iceandfire:dragonsteel_fire_sword":2,"minecraft:string":1,"minecraft:dandelion":1,"minecraft:bone":2,"magistuarmory:rustedchainmail_leggings":1,"minecraft:iron_nugget":79,"minecraft:cooked_chicken":124,"minecraft:coarse_dirt":1,"minecraft:cobbled_deepslate":6,"apotheosis:glowing_hellshelf":1,"minecraft:netherite_sword":4,"minecraft:wheat":7,"world:dragonb_chestplate":1,"magistuarmory:rustedhalfarmor_chestplate":2,"minecraft:rotten_flesh":13,"minecraft:enchanted_golden_apple":32,"world:darkflame":1,"born_in_chaos_v1:dark_metal_armor_boots":1,"minecraft:oak_sign":1,"minecraft:carrot":1,"minecraft:light":6,"minecraft:diamond_sword":2,"shieldexp:iron_shield":2,"medieval_craft_weapons:mighty_stick":2,"minecraft:iron_chestplate":3,"minecraft:mossy_stone_bricks":1,"born_in_chaos_v1:corpse_maggot":3,"apotheosis:gem":1,"minecraft:wooden_shovel":1,"minecraft:spider_eye":8,"medieval_craft_weapons:titanite_nugget_1":3,"tombstone:essence_of_undeath":1,"world:dragonb_helmet":1,"minecraft:iron_bars":1,"minecraft:arrow":6,"minecraft:wooden_pickaxe":1,"born_in_chaos_v1:marigolds":3},"minecraft:mined":{"minecraft:grass_block":14,"minecraft:spawner":3,"minecraft:iron_ore":15,"minecraft:diamond_block":2,"minecraft:anvil":1,"minecraft:deepslate_iron_ore":2,"minecraft:iron_bars":1,"minecraft:stone":26,"minecraft:bone_block":22,"minecraft:deepslate_redstone_ore":4,"minecraft:tall_grass":1,"minecraft:cobblestone":2,"minecraft:glass":1,"minecraft:oak_planks":1,"minecraft:wall_torch":2,"minecraft:coarse_dirt":2,"minecraft:yellow_wool":3,"minecraft:dirt":1,"minecraft:grass":16,"minecraft:coal_ore":37,"minecraft:oak_log":14,"minecraft:sunflower":3,"minecraft:sand":47,"minecraft:cobweb":9,"minecraft:polished_andesite":2,"minecraft:mossy_stone_bricks":1,"minecraft:oak_leaves":4,"minecraft:deepslate":3,"iceandfire:chared_stone":1},"minecraft:crafted":{"minecraft:wooden_sword":1,"minecraft:oak_planks":56,"shieldexp:iron_shield":2,"minecraft:diamond":27,"medieval_craft_weapons:mighty_stick":1,"minecraft:diamond_sword":2,"minecraft:crafting_table":5,"minecraft:wooden_pickaxe":1,"minecraft:diamond_pickaxe":1,"minecraft:stick":28,"minecraft:iron_pickaxe":1,"minecraft:wooden_axe":1,"minecraft:torch":8},"minecraft:used":{"minecraft:netherite_sword":57,"minecraft:cherry_sapling":2,"minecraft:trident":20,"born_in_chaos_v1:cursed_scarlet_ornate_glass_pane":13,"born_in_chaos_v1:dark_metal_armor_helmet":1,"minecraft:flint_and_steel":1,"cardinal_sins:dragongreatsword":28,"minecraft:iron_sword":243,"minecraft:stone":13,"medieval_craft_weapons:mighty_stick":59,"minecraft:cooked_chicken":4,"minecraft:torch":2,"magistuarmory:netherite_rondache":41,"minecraft:soul_sand":2,"minecraft:dirt":19,"apotheosis:glowing_hellshelf":2,"minecraft:golden_shovel":32,"minecraft:jungle_trapdoor":2,"minecraft:obsidian":9,"minecraft:milk_bucket":3,"born_in_chaos_v1:supreme_measure":11,"minecraft:villager_spawn_egg":1,"minecraft:grass_block":3,"cataclysm:ignitium_leggings":1,"minecraft:iron_boots":1,"iceandfire:dragonsteel_fire_sword":35,"minecraft:reinforced_deepslate":34,"cardinal_sins:greatswordofwrath":3,"tombstone:gift":3,"minecraft:cooked_beef":147,"realmrpg_demons:chort_spawn_egg":1,"minecraft:enchanted_golden_apple":25,"cataclysm:ignitium_boots":1,"minecraft:water_bucket":29,"cataclysm:altar_of_amethyst":1,"minecraft:sandstone_stairs":260,"minecraft:oak_planks":2,"minecraft:polished_andesite":543,"minecraft:netherite_chestplate":1,"cataclysm:abyssal_egg":1,"minecraft:wooden_pickaxe":18,"minecraft:sandstone":162,"born_in_chaos_v1:dark_metal_armor_leggings":1,"born_in_chaos_v1:black_argillite_brick_stairs":1,"cataclysm:altar_of_abyss":1,"minecraft:diamond_block":2,"minecraft:golden_hoe":2,"minecraft:netherite_leggings":1,"minecraft:crafting_table":5,"aquamirae:frozen_chest":1,"minecraft:netherite_helmet":1,"born_in_chaos_v1:dark_metal_armor_boots":1,"born_in_chaos_v1:dark_metal_armor_chestplate":1,"minecraft:light":432,"minecraft:diamond_pickaxe":19,"minecraft:sunflower":1,"minecraft:iron_pickaxe":89,"born_in_chaos_v1:magical_holiday_candy":18,"cataclysm:ignitium_helmet":1,"minecraft:gravel":7,"iceandfire:chared_cobblestone":7,"minecraft:diamond_sword":154,"minecraft:wooden_sword":14,"plushie_buddies:plushie_creeper":7,"minecraft:cobblestone":4,"born_in_chaos_v1:tombstone_dark_titan_066":2,"minecraft:cooked_porkchop":2,"minecraft:bucket":2,"minecraft:glass_pane":275,"cataclysm:ignitium_elytra_chestplate":1,"minecraft:kelp":32,"minecraft:bone_meal":726},"minecraft:picked_up":{"minecraft:coarse_dirt":1,"minecraft:crafting_table":1,"minecraft:wheat":7,"iceandfire:witherbone":1,"minecraft:chicken":2,"minecraft:anvil":1,"minecraft:yellow_wool":3,"minecraft:diamond_sword":1,"minecraft:light":64,"minecraft:shield":2,"minecraft:string":14,"minecraft:item_frame":3,"minecraft:oak_sign":1,"minecraft:gold_nugget":178,"minecraft:cobbled_deepslate":6,"minecraft:netherite_sword":3,"minecraft:beef":7,"world:darkflame":1,"minecraft:iron_nugget":15,"minecraft:wooden_shovel":1,"minecraft:enchanted_golden_apple":2,"cardinal_sins:dragongreatsword":1,"minecraft:egg":7,"cardinal_sins:greatswordofwrath":7,"minecraft:raw_iron":16,"apotheosis:gem":3,"born_in_chaos_v1:dark_metal_armor_helmet":1,"minecraft:torch":4,"medieval_craft_weapons:titanite_nugget_1":7,"minecraft:porkchop":8,"magistuarmory:rustedkettlehat":1,"cataclysm:burning_ashes":1,"tombstone:grave_dust":4,"minecraft:trident":1,"minecraft:redstone":13,"minecraft:golden_chestplate":1,"minecraft:arrow":7,"minecraft:rotten_flesh":20,"medieval_craft_weapons:mighty_stick":1,"minecraft:blaze_rod":1,"minecraft:iron_bars":1,"minecraft:bone_block":21,"minecraft:white_wool":1,"minecraft:cobblestone":45,"born_in_chaos_v1:corpse_maggot":3,"minecraft:pink_petals":60,"magistuarmory:rustedhalfarmor_chestplate":2,"minecraft:air":0,"minecraft:feather":3,"minecraft:cooked_beef":5,"minecraft:glow_ink_sac":6,"cataclysm:ignitium_ingot":3,"minecraft:leather":5,"cataclysm:void_jaw":3,"structure_gel:building_tool":1,"born_in_chaos_v1:dark_metal_armor_chestplate":1,"minecraft:oak_log":14,"realmrpg_demons:chort_spawn_egg":1,"born_in_chaos_v1:dark_metal_armor_leggings":1,"cataclysm:gauntlet_of_guard":1,"minecraft:dirt":63,"born_in_chaos_v1:marigolds":3,"minecraft:bone":4,"minecraft:apple":1,"minecraft:kelp":449,"minecraft:wheat_seeds":3,"alexsmobs:cockroach_wing_fragment":4,"minecraft:iron_ingot":3,"world:dragonb_chestplate":1,"cataclysm:abyssal_egg":1,"minecraft:cooked_chicken":64,"minecraft:cobweb":13,"minecraft:mossy_stone_bricks":1,"minecraft:oak_planks":7,"minecraft:acacia_sapling":1,"iceandfire:chared_stone":10,"minecraft:milk_bucket":2,"iceandfire:dragonsteel_fire_sword":2,"warriorsofpastepoch:batwing":10,"world:dragonb_helmet":1,"born_in_chaos_v1:ethereal_spirit":2,"iceandfire:ash":1,"minecraft:dandelion":1,"born_in_chaos_v1:dark_metal_armor_boots":2,"minecraft:gravel":4,"minecraft:sand":76,"magistuarmory:rustednorman_helmet":1,"cardinal_sins:greataxeofgluttony":1,"minecraft:ink_sac":2,"cardinal_sins:darksteelingot":1,"minecraft:diamond_block":3,"magistuarmory:rustedchainmail_leggings":2,"minecraft:spider_eye":8,"iceandfire:chared_cobblestone":7,"born_in_chaos_v1:supreme_measure":1,"minecraft:polished_andesite":2,"magistuarmory:rusted_bastardsword":1,"magistuarmory:rustedcrusader_boots":2,"minecraft:iron_helmet":1,"alexsmobs:maggot":1,"minecraft:coal":42,"minecraft:sunflower":6},"minecraft:broken":{"minecraft:netherite_helmet":1,"minecraft:iron_boots":1,"minecraft:golden_shovel":1,"minecraft:iron_leggings":1,"minecraft:netherite_chestplate":1,"minecraft:iron_sword":1,"minecraft:netherite_leggings":1,"minecraft:netherite_boots":1,"shieldexp:netherite_shield":1},"minecraft:custom":{"minecraft:interact_with_anvil":1,"minecraft:mob_kills":90,"minecraft:interact_with_crafting_table":10,"minecraft:open_barrel":15,"minecraft:damage_dealt_resisted":2434,"minecraft:leave_game":5,"minecraft:time_since_death":14070,"minecraft:damage_resisted":748,"minecraft:climb_one_cm":16730,"minecraft:sprint_one_cm":533848,"minecraft:walk_one_cm":513860,"minecraft:damage_blocked_by_shield":54,"minecraft:drop":153,"minecraft:play_time":352179,"minecraft:sneak_time":15670,"minecraft:deaths":24,"minecraft:walk_under_water_one_cm":166042,"minecraft:jump":5297,"minecraft:walk_on_water_one_cm":33992,"minecraft:total_world_time":352179,"minecraft:interact_with_furnace":2,"minecraft:sleep_in_bed":3,"minecraft:time_since_rest":14030,"minecraft:damage_taken":64061,"minecraft:damage_absorbed":1081,"minecraft:trigger_trapped_chest":1,"minecraft:damage_dealt":40160,"minecraft:player_kills":2,"minecraft:swim_one_cm":72159,"minecraft:fly_one_cm":2691173,"minecraft:open_chest":93,"minecraft:crouch_one_cm":7647,"tombstone:undead_killed":39,"tombstone:villager_killed":1,"minecraft:aviate_one_cm":4484,"minecraft:fall_one_cm":263154},"minecraft:killed":{"alexscaves:tremorsaurus":1,"minecraft:cave_spider":1,"born_in_chaos_v1:restless_spirit":1,"minecraft:spider":10,"medieval_craft_weapons:archer":1,"born_in_chaos_v1:maggot":7,"minecraft:skeleton":10,"medieval_craft_weapons:soldier":6,"minecraft:bee":1,"realmrpg_demons:chort":7,"world:goblin":9,"minecraft:husk":2,"minecraft:zombie":23,"born_in_chaos_v1:corpse_fly":1,"cataclysm:ignis":1,"alexsmobs:fly":1,"born_in_chaos_v1:door_knight":2,"minecraft:wither_skeleton":1,"minecraft:villager":1,"minecraft:blaze":2}},"DataVersion":3465}