{"stats":{"minecraft:dropped":{"cardinal_sins:greatswordofwrath":6,"minecraft:netherite_sword":3,"world:dragonb_chestplate":1,"structure_gel:building_tool":1,"minecraft:enchanted_golden_apple":32,"world:dragonb_helmet":1,"minecraft:light":6},"minecraft:used":{"minecraft:cherry_sapling":2,"minecraft:water_bucket":29,"minecraft:light":432,"minecraft:villager_spawn_egg":1,"minecraft:sandstone_stairs":260,"minecraft:grass_block":2,"minecraft:polished_andesite":543,"minecraft:sandstone":162,"minecraft:stone":13,"minecraft:soul_sand":2,"minecraft:reinforced_deepslate":34,"cardinal_sins:greatswordofwrath":3,"minecraft:bucket":2,"minecraft:glass_pane":275,"minecraft:kelp":32,"minecraft:jungle_trapdoor":2,"minecraft:netherite_sword":44,"minecraft:bone_meal":726,"minecraft:enchanted_golden_apple":12},"minecraft:killed":{"world:goblin":2,"alexscaves:tremorsaurus":1,"minecraft:villager":1},"minecraft:picked_up":{"cardinal_sins:greatswordofwrath":7,"minecraft:pink_petals":60,"minecraft:air":0,"minecraft:feather":3,"born_in_chaos_v1:dark_metal_armor_helmet":1,"minecraft:chicken":2,"minecraft:glow_ink_sac":6,"warriorsofpastepoch:batwing":10,"minecraft:leather":5,"world:dragonb_helmet":1,"iceandfire:ash":1,"medieval_craft_weapons:titanite_nugget_1":4,"born_in_chaos_v1:dark_metal_armor_boots":1,"minecraft:gravel":4,"minecraft:porkchop":8,"structure_gel:building_tool":1,"magistuarmory:rustednorman_helmet":1,"born_in_chaos_v1:dark_metal_armor_chestplate":1,"minecraft:ink_sac":2,"minecraft:light":64,"born_in_chaos_v1:dark_metal_armor_leggings":1,"minecraft:dirt":7,"minecraft:string":2,"minecraft:rotten_flesh":1,"minecraft:apple":1,"minecraft:kelp":449,"minecraft:wheat_seeds":1,"minecraft:gold_nugget":144,"minecraft:netherite_sword":3,"alexsmobs:cockroach_wing_fragment":4,"minecraft:iron_helmet":1,"minecraft:beef":7,"world:dragonb_chestplate":1,"alexsmobs:maggot":1,"minecraft:enchanted_golden_apple":2,"minecraft:acacia_sapling":1,"minecraft:egg":7,"minecraft:white_wool":1,"minecraft:cobblestone":15,"minecraft:sunflower":1},"minecraft:mined":{"minecraft:grass":1,"minecraft:grass_block":4,"minecraft:oak_leaves":2},"minecraft:custom":{"minecraft:time_since_rest":12233,"minecraft:damage_absorbed":373,"minecraft:damage_taken":956,"minecraft:sprint_one_cm":75010,"minecraft:walk_one_cm":93913,"minecraft:mob_kills":4,"minecraft:drop":21,"minecraft:damage_dealt":2263,"minecraft:swim_one_cm":34353,"minecraft:fly_one_cm":1512644,"minecraft:crouch_one_cm":2458,"minecraft:play_time":153100,"minecraft:deaths":1,"minecraft:sneak_time":12420,"minecraft:walk_under_water_one_cm":150658,"tombstone:villager_killed":1,"minecraft:jump":619,"minecraft:leave_game":1,"minecraft:time_since_death":12659,"minecraft:walk_on_water_one_cm":13199,"minecraft:total_world_time":153100,"minecraft:damage_resisted":253,"minecraft:fall_one_cm":6510}},"DataVersion":3465}