{"stats":{"minecraft:dropped":{"cardinal_sins:greatswordofwrath":6,"minecraft:netherite_sword":3,"world:dragonb_chestplate":1,"structure_gel:building_tool":1,"minecraft:enchanted_golden_apple":32,"world:dragonb_helmet":1,"minecraft:light":6},"minecraft:killed":{"world:goblin":2,"alexscaves:tremorsaurus":1,"minecraft:villager":1},"minecraft:picked_up":{"minecraft:air":0,"cardinal_sins:greatswordofwrath":7,"minecraft:chicken":2,"minecraft:pink_petals":60,"born_in_chaos_v1:dark_metal_armor_helmet":1,"minecraft:glow_ink_sac":6,"minecraft:leather":5,"warriorsofpastepoch:batwing":10,"world:dragonb_helmet":1,"iceandfire:ash":1,"medieval_craft_weapons:titanite_nugget_1":4,"born_in_chaos_v1:dark_metal_armor_boots":1,"minecraft:gravel":4,"minecraft:porkchop":8,"structure_gel:building_tool":1,"magistuarmory:rustednorman_helmet":1,"born_in_chaos_v1:dark_metal_armor_chestplate":1,"minecraft:ink_sac":2,"minecraft:light":64,"born_in_chaos_v1:dark_metal_armor_leggings":1,"minecraft:string":2,"minecraft:dirt":7,"minecraft:apple":1,"minecraft:rotten_flesh":1,"minecraft:kelp":449,"minecraft:wheat_seeds":1,"minecraft:gold_nugget":144,"alexsmobs:cockroach_wing_fragment":4,"minecraft:netherite_sword":3,"minecraft:iron_helmet":1,"minecraft:beef":7,"world:dragonb_chestplate":1,"alexsmobs:maggot":1,"minecraft:enchanted_golden_apple":2,"minecraft:cobblestone":15,"minecraft:feather":3,"minecraft:acacia_sapling":1,"minecraft:white_wool":1,"minecraft:egg":7,"minecraft:sunflower":1},"minecraft:custom":{"minecraft:time_since_rest":10522,"minecraft:damage_taken":956,"minecraft:sprint_one_cm":74847,"minecraft:walk_one_cm":93850,"minecraft:damage_absorbed":373,"minecraft:mob_kills":4,"minecraft:drop":21,"minecraft:damage_dealt":2263,"minecraft:swim_one_cm":34353,"minecraft:fly_one_cm":1473989,"minecraft:crouch_one_cm":2458,"minecraft:play_time":151389,"minecraft:deaths":1,"minecraft:sneak_time":12304,"minecraft:walk_under_water_one_cm":150658,"tombstone:villager_killed":1,"minecraft:jump":618,"minecraft:walk_on_water_one_cm":13199,"minecraft:time_since_death":10948,"minecraft:damage_resisted":253,"minecraft:total_world_time":151389,"minecraft:fall_one_cm":6510},"minecraft:used":{"minecraft:water_bucket":29,"minecraft:netherite_sword":44,"minecraft:cherry_sapling":2,"minecraft:light":432,"minecraft:sandstone_stairs":260,"minecraft:villager_spawn_egg":1,"minecraft:grass_block":2,"minecraft:polished_andesite":543,"minecraft:sandstone":162,"minecraft:stone":13,"minecraft:reinforced_deepslate":34,"minecraft:soul_sand":2,"cardinal_sins:greatswordofwrath":3,"minecraft:bucket":2,"minecraft:glass_pane":275,"minecraft:jungle_trapdoor":2,"minecraft:kelp":32,"minecraft:enchanted_golden_apple":12,"minecraft:bone_meal":726},"minecraft:mined":{"minecraft:grass":1,"minecraft:grass_block":4,"minecraft:oak_leaves":2}},"DataVersion":3465}