{"stats":{"minecraft:dropped":{"minecraft:enchanted_golden_apple":30,"world:dragonb_helmet":1,"cardinal_sins:greatswordofwrath":2,"world:dragonb_chestplate":1},"minecraft:killed":{"world:goblin":2},"minecraft:picked_up":{"born_in_chaos_v1:dark_metal_armor_helmet":1,"cardinal_sins:greatswordofwrath":3,"world:dragonb_helmet":1,"born_in_chaos_v1:dark_metal_armor_boots":1,"world:dragonb_chestplate":1,"born_in_chaos_v1:dark_metal_armor_chestplate":1,"born_in_chaos_v1:dark_metal_armor_leggings":1,"minecraft:dirt":3},"minecraft:custom":{"minecraft:time_since_rest":31389,"minecraft:damage_absorbed":53,"minecraft:play_time":31389,"minecraft:crouch_one_cm":175,"minecraft:sprint_one_cm":5790,"minecraft:walk_one_cm":19467,"minecraft:damage_taken":226,"minecraft:sneak_time":536,"minecraft:mob_kills":2,"minecraft:drop":5,"minecraft:jump":88,"minecraft:damage_dealt":335,"minecraft:time_since_death":31389,"minecraft:total_world_time":31389,"minecraft:damage_resisted":13,"minecraft:fall_one_cm":3274,"minecraft:fly_one_cm":66765},"minecraft:used":{"minecraft:cherry_sapling":2,"minecraft:netherite_sword":4,"cardinal_sins:greatswordofwrath":1,"minecraft:stone":13,"minecraft:enchanted_golden_apple":5},"minecraft:mined":{"minecraft:grass":1,"minecraft:grass_block":4,"minecraft:oak_leaves":2}},"DataVersion":3465}