{"stats":{"minecraft:picked_up":{"minecraft:dirt":3},"minecraft:custom":{"minecraft:jump":25,"minecraft:time_since_rest":7389,"minecraft:damage_dealt":72,"minecraft:crouch_one_cm":3,"minecraft:sprint_one_cm":1948,"minecraft:play_time":7389,"minecraft:damage_taken":144,"minecraft:time_since_death":7389,"minecraft:walk_one_cm":6079,"minecraft:sneak_time":49,"minecraft:total_world_time":7389,"minecraft:fall_one_cm":2856,"minecraft:fly_one_cm":1967},"minecraft:mined":{"minecraft:grass":1,"minecraft:grass_block":4,"minecraft:oak_leaves":2}},"DataVersion":3465}