{"stats":{"minecraft:dropped":{"cardinal_sins:greatswordofwrath":6,"minecraft:netherite_sword":3,"world:dragonb_chestplate":1,"structure_gel:building_tool":1,"minecraft:enchanted_golden_apple":32,"world:dragonb_helmet":1,"minecraft:light":5},"minecraft:killed":{"world:goblin":2,"alexscaves:tremorsaurus":1,"minecraft:villager":1},"minecraft:picked_up":{"cardinal_sins:greatswordofwrath":7,"born_in_chaos_v1:dark_metal_armor_helmet":1,"world:dragonb_helmet":1,"medieval_craft_weapons:titanite_nugget_1":1,"born_in_chaos_v1:dark_metal_armor_boots":1,"structure_gel:building_tool":1,"magistuarmory:rustednorman_helmet":1,"born_in_chaos_v1:dark_metal_armor_chestplate":1,"minecraft:light":64,"born_in_chaos_v1:dark_metal_armor_leggings":1,"minecraft:dirt":3,"minecraft:rotten_flesh":1,"minecraft:kelp":181,"minecraft:netherite_sword":3,"minecraft:iron_helmet":1,"world:dragonb_chestplate":1,"alexsmobs:maggot":1,"minecraft:enchanted_golden_apple":2,"minecraft:sunflower":1},"minecraft:custom":{"minecraft:time_since_rest":139389,"minecraft:damage_taken":956,"minecraft:sprint_one_cm":65409,"minecraft:walk_one_cm":86159,"minecraft:damage_absorbed":373,"minecraft:mob_kills":4,"minecraft:drop":20,"minecraft:damage_dealt":2263,"minecraft:swim_one_cm":19644,"minecraft:fly_one_cm":1110894,"minecraft:crouch_one_cm":2182,"minecraft:play_time":139389,"minecraft:sneak_time":10831,"minecraft:walk_under_water_one_cm":51692,"tombstone:villager_killed":1,"minecraft:jump":581,"minecraft:walk_on_water_one_cm":6810,"minecraft:time_since_death":139389,"minecraft:damage_resisted":253,"minecraft:total_world_time":139389,"minecraft:fall_one_cm":6510},"minecraft:used":{"minecraft:water_bucket":16,"minecraft:netherite_sword":44,"minecraft:cherry_sapling":2,"minecraft:light":432,"minecraft:sandstone_stairs":260,"minecraft:villager_spawn_egg":1,"minecraft:grass_block":2,"minecraft:polished_andesite":540,"minecraft:sandstone":154,"minecraft:stone":13,"minecraft:reinforced_deepslate":34,"minecraft:soul_sand":2,"cardinal_sins:greatswordofwrath":3,"minecraft:bucket":2,"minecraft:glass_pane":275,"minecraft:kelp":9,"minecraft:enchanted_golden_apple":12,"minecraft:bone_meal":286},"minecraft:mined":{"minecraft:grass":1,"minecraft:grass_block":4,"minecraft:oak_leaves":2}},"DataVersion":3465}