{"stats":{"minecraft:killed_by":{"minecraft:zombified_piglin":1,"minecraft:zombie":1,"iceandfire:fire_dragon":1,"minecraft:husk":1,"minecraft:player":2,"antlers:wendigo":3},"minecraft:dropped":{"iceandfire:chared_stone":10,"minecraft:iron_sword":1,"minecraft:cooked_beef":309,"minecraft:diamond":27,"minecraft:dirt":4,"cardinal_sins:greatswordofwrath":6,"magistuarmory:rusted_bastardsword":1,"minecraft:gold_nugget":34,"minecraft:wooden_sword":1,"minecraft:sunflower":4,"minecraft:sand":30,"minecraft:iron_pickaxe":1,"minecraft:white_wool":1,"minecraft:bone":12,"magistuarmory:rustedchainmail_leggings":2,"minecraft:iron_nugget":79,"minecraft:cooked_chicken":124,"minecraft:cobbled_deepslate":6,"apotheosis:glowing_hellshelf":1,"minecraft:wheat":10,"minecraft:netherite_sword":4,"minecraft:yellow_wool":1,"world:dragonb_chestplate":1,"tombstone:tablet_of_recall":1,"minecraft:rotten_flesh":14,"minecraft:enchanted_golden_apple":32,"born_in_chaos_v1:dark_metal_armor_boots":1,"minecraft:carrot":1,"minecraft:trident":1,"born_in_chaos_v1:corpse_maggot":5,"apotheosis:gem":5,"world:dragonb_helmet":1,"minecraft:iron_bars":5,"minecraft:arrow":6,"born_in_chaos_v1:marigolds":3,"minecraft:wheat_seeds":2,"minecraft:clock":1,"minecraft:golden_helmet":1,"minecraft:iron_helmet":1,"born_in_chaos_v1:magical_holiday_candy":64,"cataclysm:burning_ashes":65,"minecraft:coal":1,"minecraft:stick":6,"magistuarmory:rustedcrusader_boots":1,"born_in_chaos_v1:pumpkin_staff":1,"minecraft:milk_bucket":1,"minecraft:torch":10,"tombstone:grave_key":1,"minecraft:wooden_axe":1,"tombstone:grave_dust":4,"structure_gel:building_tool":1,"iceandfire:dragonsteel_fire_sword":2,"minecraft:chainmail_leggings":1,"minecraft:string":33,"minecraft:dandelion":1,"minecraft:coarse_dirt":1,"minecraft:raw_iron":32,"magistuarmory:rustedhalfarmor_chestplate":2,"minecraft:iron_boots":1,"world:darkflame":1,"minecraft:oak_sign":1,"minecraft:pumpkin_seeds":52,"minecraft:light":6,"minecraft:diamond_sword":3,"shieldexp:iron_shield":2,"minecraft:shield":1,"medieval_craft_weapons:mighty_stick":2,"minecraft:iron_chestplate":4,"minecraft:mossy_stone_bricks":1,"minecraft:wooden_shovel":1,"minecraft:spider_eye":8,"medieval_craft_weapons:titanite_nugget_1":3,"tombstone:essence_of_undeath":1,"minecraft:wooden_pickaxe":1},"minecraft:mined":{"minecraft:grass_block":16,"minecraft:spawner":5,"minecraft:iron_ore":15,"minecraft:anvil":1,"iceandfire:gold_pile":7,"minecraft:iron_bars":1,"minecraft:deepslate_redstone_ore":4,"minecraft:glass":1,"minecraft:cobblestone":2,"minecraft:oak_planks":1,"minecraft:wall_torch":2,"minecraft:yellow_wool":3,"minecraft:grass":18,"minecraft:oak_log":19,"minecraft:sand":54,"minecraft:dirt":4,"minecraft:oak_leaves":7,"minecraft:deepslate":3,"iceandfire:chared_stone":1,"minecraft:diamond_block":2,"minecraft:deepslate_iron_ore":2,"minecraft:stone":26,"minecraft:bone_block":30,"minecraft:tall_grass":2,"born_in_chaos_v1:chipped_black_argillite_brick":1,"minecraft:coarse_dirt":2,"minecraft:coal_ore":37,"minecraft:sunflower":3,"minecraft:cobweb":22,"minecraft:polished_andesite":2,"minecraft:mossy_stone_bricks":1},"minecraft:crafted":{"minecraft:oak_planks":76,"travelersbackpack:yellow_sleeping_bag":1,"shieldexp:iron_shield":2,"minecraft:glass":23,"minecraft:iron_boots":1,"minecraft:chest":1,"minecraft:crafting_table":8,"minecraft:wooden_pickaxe":1,"minecraft:iron_chestplate":1,"minecraft:diamond_pickaxe":1,"minecraft:stick":28,"minecraft:iron_pickaxe":1,"minecraft:gold_ingot":7,"minecraft:wooden_sword":1,"minecraft:furnace":1,"minecraft:diamond":27,"medieval_craft_weapons:mighty_stick":1,"minecraft:diamond_sword":2,"travelersbackpack:backpack_tank":2,"minecraft:iron_sword":1,"minecraft:air":0,"minecraft:white_wool":2,"minecraft:wooden_axe":1,"minecraft:torch":8},"minecraft:used":{"minecraft:cherry_sapling":2,"born_in_chaos_v1:cursed_scarlet_ornate_glass_pane":13,"born_in_chaos_v1:dark_metal_armor_helmet":1,"minecraft:bone_block":8,"minecraft:chest":1,"minecraft:stone":13,"minecraft:iron_sword":243,"medieval_craft_weapons:mighty_stick":59,"minecraft:iron_chestplate":1,"magistuarmory:netherite_rondache":41,"minecraft:soul_sand":2,"born_in_chaos_v1:soul_cutlass":82,"minecraft:milk_bucket":3,"minecraft:obsidian":9,"minecraft:villager_spawn_egg":1,"minecraft:grass_block":3,"iceandfire:dragonsteel_fire_sword":35,"minecraft:reinforced_deepslate":34,"born_in_chaos_v1:fel_lamp":2,"minecraft:furnace":1,"realmrpg_demons:chort_spawn_egg":1,"minecraft:oak_planks":2,"cataclysm:abyssal_egg":1,"minecraft:wooden_pickaxe":18,"minecraft:sandstone":162,"born_in_chaos_v1:mr_pumpkin_spawn_egg":1,"cataclysm:altar_of_abyss":1,"minecraft:golden_hoe":2,"minecraft:netherite_leggings":1,"aquamirae:frozen_chest":1,"minecraft:netherite_helmet":1,"born_in_chaos_v1:dark_metal_armor_boots":1,"cataclysm:ignitium_helmet":1,"minecraft:gravel":7,"iceandfire:chared_cobblestone":7,"minecraft:diamond_sword":401,"minecraft:wooden_sword":14,"plushie_buddies:plushie_creeper":7,"minecraft:bone_meal":726,"cataclysm:ignitium_elytra_chestplate":1,"minecraft:cobweb":13,"minecraft:trident":20,"minecraft:netherite_sword":57,"minecraft:flint_and_steel":1,"cardinal_sins:dragongreatsword":28,"minecraft:cooked_chicken":4,"minecraft:torch":2,"minecraft:dirt":19,"apotheosis:glowing_hellshelf":2,"minecraft:golden_shovel":32,"minecraft:jungle_trapdoor":2,"born_in_chaos_v1:supreme_measure":11,"cataclysm:ignitium_leggings":1,"minecraft:iron_boots":1,"cardinal_sins:greatswordofwrath":3,"tombstone:gift":5,"minecraft:cooked_beef":186,"minecraft:enchanted_golden_apple":25,"cataclysm:altar_of_amethyst":1,"cataclysm:ignitium_boots":1,"minecraft:water_bucket":29,"minecraft:sandstone_stairs":260,"minecraft:polished_andesite":543,"minecraft:netherite_chestplate":1,"born_in_chaos_v1:dark_metal_armor_leggings":1,"born_in_chaos_v1:black_argillite_brick_stairs":1,"minecraft:diamond_block":2,"minecraft:crafting_table":8,"born_in_chaos_v1:dark_metal_armor_chestplate":1,"minecraft:light":432,"minecraft:diamond_pickaxe":30,"minecraft:sunflower":1,"minecraft:iron_pickaxe":89,"born_in_chaos_v1:magical_holiday_candy":18,"minecraft:cobblestone":8,"minecraft:cooked_porkchop":2,"born_in_chaos_v1:tombstone_dark_titan_066":2,"minecraft:bucket":2,"minecraft:glass_pane":275,"minecraft:kelp":32},"minecraft:picked_up":{"minecraft:iron_chestplate":1,"minecraft:wheat":13,"minecraft:chainmail_boots":1,"minecraft:anvil":1,"minecraft:prismarine_shard":6,"minecraft:yellow_wool":3,"minecraft:diamond_sword":1,"minecraft:enchanted_book":1,"tombstone:grave_key":1,"minecraft:light":64,"minecraft:string":43,"minecraft:oak_sign":1,"minecraft:gold_nugget":242,"minecraft:cobbled_deepslate":6,"minecraft:wooden_shovel":1,"minecraft:enchanted_golden_apple":2,"cardinal_sins:greatswordofwrath":7,"minecraft:stick":5,"apotheosis:gem":7,"minecraft:torch":4,"minecraft:porkchop":8,"tombstone:grave_dust":4,"cataclysm:burning_ashes":1,"minecraft:golden_chestplate":1,"minecraft:rotten_flesh":21,"medieval_craft_weapons:mighty_stick":1,"minecraft:blaze_rod":1,"minecraft:obsidian":6,"minecraft:iron_bars":5,"minecraft:cobblestone":45,"minecraft:pink_petals":60,"minecraft:feather":3,"minecraft:cooked_beef":48,"structure_gel:building_tool":1,"born_in_chaos_v1:dark_metal_armor_chestplate":1,"realmrpg_demons:chort_spawn_egg":1,"cataclysm:gauntlet_of_guard":1,"minecraft:dirt":64,"born_in_chaos_v1:marigolds":3,"minecraft:bone":14,"minecraft:wheat_seeds":3,"cataclysm:abyssal_egg":1,"world:dragonb_chestplate":1,"minecraft:mossy_stone_bricks":1,"minecraft:oak_planks":19,"world:dragonb_helmet":1,"minecraft:sand":83,"minecraft:ink_sac":2,"minecraft:diamond_block":3,"iceandfire:chared_cobblestone":7,"born_in_chaos_v1:supreme_measure":1,"minecraft:polished_andesite":2,"born_in_chaos_v1:mr_pumpkin_spawn_egg":1,"alexsmobs:maggot":1,"minecraft:crafting_table":1,"minecraft:coarse_dirt":1,"minecraft:chicken":2,"iceandfire:witherbone":1,"minecraft:shield":4,"minecraft:item_frame":3,"minecraft:netherite_sword":3,"minecraft:beef":7,"world:darkflame":1,"minecraft:iron_nugget":15,"cardinal_sins:dragongreatsword":1,"minecraft:egg":7,"minecraft:raw_iron":32,"born_in_chaos_v1:dark_metal_armor_helmet":1,"medieval_craft_weapons:titanite_nugget_1":9,"magistuarmory:rustedkettlehat":1,"minecraft:trident":1,"minecraft:redstone":13,"minecraft:arrow":7,"minecraft:white_wool":1,"minecraft:bone_block":21,"born_in_chaos_v1:corpse_maggot":5,"minecraft:air":0,"magistuarmory:rustedhalfarmor_chestplate":2,"born_in_chaos_v1:pumpkin_staff":2,"minecraft:glow_ink_sac":6,"cataclysm:ignitium_ingot":3,"minecraft:leather":7,"cataclysm:void_jaw":3,"minecraft:oak_log":19,"born_in_chaos_v1:dark_metal_armor_leggings":1,"tombstone:gift":1,"born_in_chaos_v1:soul_cutlass":1,"minecraft:apple":1,"minecraft:kelp":449,"alexsmobs:cockroach_wing_fragment":4,"minecraft:iron_ingot":4,"minecraft:cooked_chicken":64,"minecraft:cobweb":13,"born_in_chaos_v1:fel_lamp":1,"minecraft:acacia_sapling":1,"iceandfire:chared_stone":10,"minecraft:milk_bucket":2,"iceandfire:dragonsteel_fire_sword":2,"warriorsofpastepoch:batwing":10,"born_in_chaos_v1:dark_metal_armor_boots":2,"iceandfire:ash":1,"born_in_chaos_v1:ethereal_spirit":5,"minecraft:dandelion":1,"minecraft:gravel":4,"magistuarmory:rustednorman_helmet":1,"cardinal_sins:greataxeofgluttony":1,"magistuarmory:rustedchainmail_leggings":2,"minecraft:spider_eye":8,"cardinal_sins:darksteelingot":1,"minecraft:pumpkin_seeds":78,"magistuarmory:rusted_bastardsword":1,"minecraft:iron_helmet":1,"magistuarmory:rustedcrusader_boots":2,"minecraft:chainmail_leggings":1,"minecraft:coal":47,"minecraft:sunflower":6},"minecraft:broken":{"minecraft:iron_boots":2,"minecraft:iron_chestplate":1,"minecraft:golden_shovel":1,"minecraft:iron_leggings":1,"minecraft:netherite_chestplate":1,"minecraft:iron_sword":1,"minecraft:netherite_leggings":1,"shieldexp:netherite_shield":1,"minecraft:netherite_helmet":1,"minecraft:netherite_boots":1},"minecraft:custom":{"minecraft:interact_with_crafting_table":25,"minecraft:open_barrel":17,"minecraft:leave_game":5,"minecraft:time_since_death":37329,"minecraft:damage_resisted":748,"minecraft:sprint_one_cm":751927,"minecraft:damage_blocked_by_shield":54,"minecraft:drop":191,"minecraft:play_time":406179,"minecraft:deaths":26,"minecraft:jump":7241,"minecraft:walk_on_water_one_cm":59177,"minecraft:interact_with_furnace":18,"minecraft:sleep_in_bed":4,"minecraft:damage_dealt":54163,"minecraft:player_kills":3,"minecraft:crouch_one_cm":8646,"tombstone:undead_killed":50,"tombstone:villager_killed":1,"minecraft:mob_kills":146,"minecraft:interact_with_anvil":1,"minecraft:damage_dealt_resisted":3278,"minecraft:climb_one_cm":16730,"minecraft:walk_one_cm":602762,"minecraft:damage_dealt_absorbed":81,"minecraft:sneak_time":16034,"minecraft:walk_under_water_one_cm":168854,"minecraft:total_world_time":406179,"minecraft:time_since_rest":35802,"minecraft:damage_taken":66880,"minecraft:damage_absorbed":1081,"minecraft:trigger_trapped_chest":1,"minecraft:swim_one_cm":93721,"minecraft:fly_one_cm":3215721,"minecraft:open_chest":116,"minecraft:aviate_one_cm":4484,"minecraft:fall_one_cm":326885},"minecraft:killed":{"minecraft:cave_spider":1,"born_in_chaos_v1:mr_pumpkin":10,"born_in_chaos_v1:restless_spirit":3,"born_in_chaos_v1:sir_the_headless":1,"minecraft:spider":10,"world:dryad":1,"minecraft:skeleton":11,"medieval_craft_weapons:soldier":6,"minecraft:bee":1,"realmrpg_demons:chort":15,"minecraft:zombie":28,"born_in_chaos_v1:corpse_fly":11,"alexsmobs:fly":2,"born_in_chaos_v1:door_knight":2,"minecraft:blaze":2,"minecraft:cow":1,"alexscaves:tremorsaurus":1,"medieval_craft_weapons:archer":1,"born_in_chaos_v1:skeleton_thrasher_not_despawn":1,"born_in_chaos_v1:maggot":9,"born_in_chaos_v1:pumpkinhead":1,"born_in_chaos_v1:barrel_zombie":1,"world:goblin":13,"minecraft:husk":4,"born_in_chaos_v1:felsteed":1,"born_in_chaos_v1:swarmer":1,"majruszsdifficulty:cursed_armor":2,"cataclysm:ignis":1,"minecraft:wither_skeleton":1,"minecraft:villager":1}},"DataVersion":3465}