{"stats":{"minecraft:killed_by":{"minecraft:player":2,"minecraft:zombified_piglin":1,"antlers:wendigo":1},"minecraft:picked_up":{"minecraft:cooked_beef":2,"minecraft:pink_petals":60,"minecraft:air":0,"minecraft:feather":3,"iceandfire:witherbone":1,"minecraft:chicken":2,"minecraft:glow_ink_sac":6,"cataclysm:ignitium_ingot":3,"minecraft:leather":5,"cataclysm:void_jaw":3,"structure_gel:building_tool":1,"born_in_chaos_v1:dark_metal_armor_chestplate":1,"minecraft:light":64,"minecraft:shield":1,"cataclysm:gauntlet_of_guard":1,"born_in_chaos_v1:dark_metal_armor_leggings":1,"minecraft:string":2,"minecraft:dirt":7,"minecraft:bone":2,"minecraft:apple":1,"minecraft:kelp":449,"minecraft:wheat_seeds":1,"minecraft:gold_nugget":144,"alexsmobs:cockroach_wing_fragment":4,"minecraft:netherite_sword":3,"minecraft:beef":7,"world:dragonb_chestplate":1,"cataclysm:abyssal_egg":1,"world:darkflame":1,"minecraft:enchanted_golden_apple":2,"minecraft:acacia_sapling":1,"cardinal_sins:dragongreatsword":1,"minecraft:egg":7,"cardinal_sins:greatswordofwrath":7,"minecraft:milk_bucket":2,"born_in_chaos_v1:dark_metal_armor_helmet":1,"iceandfire:dragonsteel_fire_sword":2,"warriorsofpastepoch:batwing":10,"world:dragonb_helmet":1,"iceandfire:ash":1,"medieval_craft_weapons:titanite_nugget_1":4,"born_in_chaos_v1:dark_metal_armor_boots":2,"minecraft:gravel":4,"minecraft:porkchop":8,"magistuarmory:rustednorman_helmet":1,"cardinal_sins:greataxeofgluttony":1,"cataclysm:burning_ashes":1,"minecraft:ink_sac":2,"minecraft:golden_chestplate":1,"born_in_chaos_v1:supreme_measure":1,"minecraft:arrow":1,"minecraft:rotten_flesh":6,"minecraft:iron_helmet":1,"alexsmobs:maggot":1,"minecraft:blaze_rod":1,"minecraft:white_wool":1,"minecraft:cobblestone":15,"minecraft:sunflower":1},"minecraft:used":{"cataclysm:altar_of_amethyst":1,"minecraft:cherry_sapling":2,"cataclysm:ignitium_boots":1,"minecraft:water_bucket":29,"minecraft:netherite_sword":57,"born_in_chaos_v1:cursed_scarlet_ornate_glass_pane":13,"minecraft:sandstone_stairs":260,"born_in_chaos_v1:dark_metal_armor_helmet":1,"minecraft:flint_and_steel":1,"minecraft:polished_andesite":543,"minecraft:netherite_chestplate":1,"cataclysm:abyssal_egg":1,"cardinal_sins:dragongreatsword":28,"minecraft:sandstone":162,"minecraft:stone":13,"born_in_chaos_v1:dark_metal_armor_leggings":1,"born_in_chaos_v1:black_argillite_brick_stairs":1,"cataclysm:altar_of_abyss":1,"magistuarmory:netherite_rondache":41,"minecraft:diamond_block":2,"minecraft:soul_sand":2,"apotheosis:glowing_hellshelf":2,"minecraft:netherite_leggings":1,"aquamirae:frozen_chest":1,"minecraft:netherite_helmet":1,"minecraft:jungle_trapdoor":2,"born_in_chaos_v1:dark_metal_armor_boots":1,"minecraft:obsidian":9,"minecraft:milk_bucket":3,"born_in_chaos_v1:supreme_measure":11,"born_in_chaos_v1:dark_metal_armor_chestplate":1,"minecraft:light":432,"minecraft:villager_spawn_egg":1,"minecraft:grass_block":3,"cataclysm:ignitium_leggings":1,"born_in_chaos_v1:magical_holiday_candy":18,"cataclysm:ignitium_helmet":1,"iceandfire:dragonsteel_fire_sword":35,"minecraft:gravel":7,"minecraft:reinforced_deepslate":34,"plushie_buddies:plushie_creeper":7,"cardinal_sins:greatswordofwrath":3,"born_in_chaos_v1:tombstone_dark_titan_066":2,"minecraft:cooked_porkchop":2,"minecraft:bucket":2,"minecraft:glass_pane":275,"tombstone:gift":2,"cataclysm:ignitium_elytra_chestplate":1,"minecraft:cooked_beef":10,"minecraft:kelp":32,"minecraft:enchanted_golden_apple":25,"minecraft:bone_meal":726},"minecraft:killed":{"world:goblin":4,"alexscaves:tremorsaurus":1,"minecraft:skeleton":1,"cataclysm:ignis":1,"born_in_chaos_v1:door_knight":1,"minecraft:wither_skeleton":1,"minecraft:villager":1,"minecraft:blaze":2},"minecraft:mined":{"minecraft:grass_block":4,"minecraft:glass":1,"minecraft:grass":1,"minecraft:oak_leaves":2},"minecraft:dropped":{"minecraft:cooked_beef":61,"minecraft:cooked_chicken":64,"apotheosis:glowing_hellshelf":1,"minecraft:netherite_sword":4,"world:dragonb_chestplate":1,"born_in_chaos_v1:magical_holiday_candy":64,"world:darkflame":1,"minecraft:enchanted_golden_apple":32,"born_in_chaos_v1:dark_metal_armor_boots":1,"cataclysm:burning_ashes":65,"minecraft:light":6,"minecraft:milk_bucket":1,"cardinal_sins:greatswordofwrath":6,"structure_gel:building_tool":1,"tombstone:essence_of_undeath":1,"world:dragonb_helmet":1,"iceandfire:dragonsteel_fire_sword":2},"minecraft:broken":{"minecraft:netherite_helmet":1,"minecraft:netherite_chestplate":1,"minecraft:netherite_leggings":1,"minecraft:netherite_boots":1,"shieldexp:netherite_shield":1},"minecraft:custom":{"minecraft:mob_kills":12,"minecraft:damage_dealt_resisted":448,"minecraft:leave_game":1,"minecraft:time_since_death":10372,"minecraft:sleep_in_bed":3,"minecraft:damage_resisted":693,"minecraft:time_since_rest":9255,"minecraft:damage_absorbed":1081,"minecraft:sprint_one_cm":166662,"minecraft:damage_taken":43887,"minecraft:walk_one_cm":255417,"minecraft:damage_blocked_by_shield":54,"minecraft:drop":43,"minecraft:damage_dealt":22921,"minecraft:swim_one_cm":34754,"minecraft:fly_one_cm":1961290,"minecraft:player_kills":1,"minecraft:open_chest":31,"minecraft:crouch_one_cm":3072,"minecraft:play_time":221461,"tombstone:undead_killed":3,"minecraft:deaths":12,"minecraft:sneak_time":13879,"minecraft:walk_under_water_one_cm":153647,"tombstone:villager_killed":1,"minecraft:jump":1621,"minecraft:aviate_one_cm":4484,"minecraft:walk_on_water_one_cm":15381,"minecraft:total_world_time":221461,"minecraft:fall_one_cm":83849}},"DataVersion":3465}