{"stats":{"minecraft:killed_by":{"minecraft:player":1,"realmrpg_demons:chort":1,"antlers:wendigo":1},"minecraft:dropped":{"minecraft:iron_sword":1,"magistuarmory:rustedkettlehat":1,"minecraft:oak_fence":3,"minecraft:rail":4,"minecraft:coal":24,"magistuarmory:rustedgreathelm":1,"minecraft:stick":1,"minecraft:dirt":4,"tombstone:grave_key":1,"born_in_chaos_v1:fused_bone":4,"minecraft:sunflower":2,"minecraft:dandelion":2,"travelersbackpack:diamond":2,"minecraft:stone_sword":3,"minecraft:cobbled_deepslate":6,"minecraft:tuff":48,"minecraft:rotten_flesh":11,"minecraft:gunpowder":4,"minecraft:leather_boots":1,"minecraft:oak_sapling":1,"born_in_chaos_v1:diamond_termite_shard":5,"minecraft:leather_leggings":2,"minecraft:stone_bricks":3,"minecraft:arrow":3,"minecraft:wooden_pickaxe":1},"minecraft:mined":{"minecraft:tuff":55,"minecraft:deepslate_diamond_ore":14,"minecraft:granite":2,"minecraft:grass_block":2,"minecraft:oak_trapdoor":1,"minecraft:furnace":2,"minecraft:iron_ore":17,"minecraft:cobbled_deepslate":10,"minecraft:fire":1,"minecraft:deepslate_lapis_ore":4,"minecraft:deepslate_iron_ore":9,"minecraft:rail":1,"minecraft:stone":9,"minecraft:soul_wall_torch":5,"minecraft:glass_pane":3,"minecraft:soul_torch":5,"minecraft:crafting_table":4,"born_in_chaos_v1:infected_deepslate_diamond_ore":1,"minecraft:oak_wood":16,"minecraft:sugar_cane":6,"minecraft:oak_planks":11,"minecraft:grass":2,"minecraft:oak_log":2,"minecraft:coal_ore":12,"minecraft:smooth_quartz":2,"minecraft:sunflower":3,"minecraft:dripstone_block":1,"minecraft:dirt":3,"minecraft:cracked_stone_bricks":2,"minecraft:stone_bricks":12,"minecraft:mossy_stone_bricks":2,"minecraft:deepslate":150},"minecraft:crafted":{"minecraft:oak_planks":60,"minecraft:furnace":2,"travelersbackpack:diamond":1,"minecraft:iron_boots":1,"minecraft:stone_pickaxe":1,"minecraft:crafting_table":2,"minecraft:wooden_pickaxe":1,"minecraft:iron_sword":1,"minecraft:bucket":1,"minecraft:air":0,"minecraft:iron_chestplate":1,"minecraft:stick":4,"minecraft:iron_ingot":17},"minecraft:used":{"minecraft:iron_sword":250,"travelersbackpack:diamond":1,"minecraft:rotten_flesh":9,"minecraft:iron_chestplate":1,"minecraft:dirt":4,"minecraft:tuff":7,"minecraft:granite":2,"minecraft:iron_axe":26,"minecraft:iron_boots":1,"minecraft:stone_bricks":2,"minecraft:furnace":3,"tombstone:gift":2,"medieval_craft_weapons:spear_1":44,"minecraft:cooked_beef":36,"minecraft:cobbled_deepslate":97,"minecraft:iron_leggings":1,"minecraft:water_bucket":35,"minecraft:stone_pickaxe":131,"minecraft:oak_planks":35,"minecraft:wooden_pickaxe":44,"minecraft:diamond_axe":26,"minecraft:crafting_table":6,"minecraft:iron_pickaxe":178,"minecraft:cobblestone":10,"minecraft:bucket":36,"minecraft:soul_torch":16},"minecraft:picked_up":{"minecraft:crafting_table":4,"born_in_chaos_v1:diamond_termite_shard":5,"minecraft:leather_leggings":2,"minecraft:potion":1,"minecraft:oak_trapdoor":1,"minecraft:string":3,"travelersbackpack:diamond":2,"born_in_chaos_v1:intoxicating_decoction":1,"minecraft:cracked_stone_bricks":2,"minecraft:cobbled_deepslate":171,"minecraft:beef":11,"minecraft:smooth_quartz":2,"minecraft:iron_pickaxe":1,"born_in_chaos_v1:stimulating_decoction":2,"minecraft:sugar_cane":17,"minecraft:furnace":2,"minecraft:stick":4,"minecraft:raw_iron":33,"apotheosis:gem":3,"minecraft:oak_fence":3,"medieval_craft_weapons:titanite_nugget_1":2,"medieval_craft_weapons:spear_1":1,"magistuarmory:rustedkettlehat":1,"tombstone:grave_dust":6,"minecraft:rotten_flesh":19,"minecraft:stone_sword":3,"minecraft:arrow":8,"born_in_chaos_v1:baby_skeleton_spawn_egg":1,"minecraft:rail":4,"minecraft:cobblestone":9,"born_in_chaos_v1:fused_bone":4,"born_in_chaos_v1:corpse_maggot":9,"magistuarmory:rustedhalfarmor_chestplate":1,"minecraft:cooked_beef":128,"minecraft:leather":7,"minecraft:tuff":55,"minecraft:oak_log":2,"minecraft:cobblestone_wall":1,"minecraft:lapis_lazuli":30,"minecraft:dirt":8,"minecraft:leather_boots":1,"minecraft:bone":14,"minecraft:stone_bricks":12,"minecraft:iron_ingot":2,"minecraft:mossy_stone_bricks":2,"minecraft:oak_planks":12,"minecraft:iron_sword":1,"born_in_chaos_v1:siamese_skeletonsright_spawn_egg":1,"minecraft:dandelion":2,"minecraft:soul_torch":16,"magistuarmory:rustedchainmail_leggings":1,"magistuarmory:rustedgreathelm":2,"tombstone:scroll_of_mercy":2,"minecraft:bundle":1,"minecraft:oak_wood":15,"minecraft:diamond":14,"minecraft:granite":2,"minecraft:golden_horse_armor":1,"minecraft:oak_sapling":1,"minecraft:coal":82,"minecraft:sunflower":2},"minecraft:broken":{"magistuarmory:rustedcrusader_boots":1,"medieval_craft_weapons:spear_1":1,"minecraft:stone_pickaxe":1,"minecraft:iron_sword":1,"magistuarmory:rustedhalfarmor_chestplate":1,"magistuarmory:rustedchainmail_leggings":1},"minecraft:custom":{"minecraft:mob_kills":44,"minecraft:interact_with_crafting_table":12,"minecraft:open_barrel":6,"minecraft:damage_dealt_resisted":97,"minecraft:time_since_death":31101,"minecraft:climb_one_cm":3024,"minecraft:damage_resisted":0,"minecraft:sprint_one_cm":278449,"minecraft:walk_one_cm":149011,"minecraft:drop":31,"minecraft:play_time":87083,"minecraft:deaths":6,"minecraft:sneak_time":7103,"minecraft:walk_under_water_one_cm":16180,"minecraft:jump":1996,"minecraft:walk_on_water_one_cm":18317,"minecraft:total_world_time":87083,"minecraft:interact_with_furnace":14,"tombstone:raider_killed":1,"minecraft:time_since_rest":30133,"minecraft:damage_taken":5563,"minecraft:damage_dealt":12116,"minecraft:swim_one_cm":27196,"minecraft:fly_one_cm":415810,"minecraft:open_chest":29,"minecraft:crouch_one_cm":10235,"tombstone:undead_killed":12,"minecraft:fall_one_cm":63148},"minecraft:killed":{"born_in_chaos_v1:zombie_clown":1,"minecraft:witch":1,"minecraft:spider":2,"medieval_craft_weapons:knight":8,"born_in_chaos_v1:siamese_skeletonsright":2,"born_in_chaos_v1:maggot":3,"minecraft:skeleton":4,"world:goblin":2,"born_in_chaos_v1:diamond_termite":5,"majruszsdifficulty:cursed_armor":2,"born_in_chaos_v1:decrepit_skeleton":1,"minecraft:zombie":1,"born_in_chaos_v1:corpse_fly":2,"born_in_chaos_v1:door_knight":1,"minecraft:cow":5,"born_in_chaos_v1:siamese_skeletonsleft":2}},"DataVersion":3465}