{"stats":{"minecraft:killed_by":{"minecraft:player":1,"antlers:wendigo":1},"minecraft:dropped":{"minecraft:iron_sword":1,"magistuarmory:rustedkettlehat":1,"minecraft:stone_sword":1,"minecraft:rotten_flesh":6,"minecraft:stick":1,"minecraft:dirt":4,"tombstone:grave_key":1,"minecraft:leather_boots":1,"minecraft:oak_sapling":1,"born_in_chaos_v1:diamond_termite_shard":5,"minecraft:dandelion":2},"minecraft:mined":{"minecraft:soul_wall_torch":5,"minecraft:glass_pane":1,"minecraft:deepslate_diamond_ore":1,"minecraft:soul_torch":3,"born_in_chaos_v1:infected_deepslate_diamond_ore":1,"minecraft:crafting_table":2,"minecraft:granite":2,"minecraft:oak_wood":16,"minecraft:grass_block":1,"minecraft:oak_planks":2,"minecraft:sugar_cane":5,"minecraft:furnace":2,"minecraft:iron_ore":17,"minecraft:deepslate_lapis_ore":4,"minecraft:grass":2,"minecraft:coal_ore":12,"minecraft:deepslate_iron_ore":7,"minecraft:sunflower":3,"minecraft:dirt":2,"minecraft:dripstone_block":1,"minecraft:smooth_quartz":2,"minecraft:cracked_stone_bricks":2,"minecraft:stone_bricks":3,"minecraft:stone":9,"minecraft:deepslate":20},"minecraft:crafted":{"minecraft:oak_planks":60,"minecraft:crafting_table":1,"minecraft:iron_sword":1,"minecraft:furnace":2,"minecraft:bucket":1,"minecraft:air":0,"minecraft:iron_boots":1,"minecraft:iron_chestplate":1,"minecraft:iron_ingot":17},"minecraft:used":{"minecraft:water_bucket":4,"minecraft:oak_planks":34,"minecraft:iron_sword":79,"minecraft:rotten_flesh":9,"minecraft:iron_chestplate":1,"minecraft:dirt":2,"minecraft:crafting_table":2,"minecraft:granite":2,"minecraft:iron_axe":25,"minecraft:iron_pickaxe":120,"minecraft:iron_boots":1,"minecraft:cobblestone":2,"minecraft:furnace":2,"minecraft:bucket":5,"tombstone:gift":2,"medieval_craft_weapons:spear_1":44,"minecraft:cooked_beef":18,"minecraft:iron_leggings":1,"minecraft:soul_torch":11},"minecraft:picked_up":{"born_in_chaos_v1:corpse_maggot":6,"born_in_chaos_v1:diamond_termite_shard":5,"minecraft:crafting_table":2,"magistuarmory:rustedhalfarmor_chestplate":1,"minecraft:cooked_beef":128,"minecraft:potion":1,"minecraft:cobblestone_wall":1,"minecraft:lapis_lazuli":30,"minecraft:string":3,"minecraft:dirt":6,"minecraft:leather_boots":1,"minecraft:bone":5,"minecraft:stone_bricks":3,"minecraft:cracked_stone_bricks":2,"minecraft:cobbled_deepslate":26,"minecraft:iron_ingot":2,"minecraft:iron_pickaxe":1,"minecraft:smooth_quartz":2,"minecraft:sugar_cane":14,"minecraft:iron_sword":1,"minecraft:oak_planks":2,"minecraft:furnace":2,"minecraft:raw_iron":24,"minecraft:stick":2,"apotheosis:gem":2,"minecraft:dandelion":2,"medieval_craft_weapons:spear_1":1,"magistuarmory:rustedkettlehat":1,"minecraft:soul_torch":10,"tombstone:grave_dust":6,"magistuarmory:rustedchainmail_leggings":1,"tombstone:scroll_of_mercy":1,"minecraft:bundle":1,"minecraft:stone_sword":1,"minecraft:oak_wood":15,"minecraft:arrow":2,"minecraft:rotten_flesh":14,"minecraft:diamond":1,"minecraft:granite":2,"minecraft:oak_sapling":1,"minecraft:coal":34,"minecraft:cobblestone":9,"minecraft:sunflower":2},"minecraft:broken":{"magistuarmory:rustedcrusader_boots":1,"medieval_craft_weapons:spear_1":1,"magistuarmory:rustedhalfarmor_chestplate":1,"magistuarmory:rustedchainmail_leggings":1},"minecraft:custom":{"minecraft:interact_with_furnace":12,"minecraft:mob_kills":18,"tombstone:raider_killed":1,"minecraft:interact_with_crafting_table":6,"minecraft:open_barrel":6,"minecraft:damage_dealt_resisted":0,"minecraft:time_since_death":805,"minecraft:climb_one_cm":610,"minecraft:damage_resisted":0,"minecraft:time_since_rest":1,"minecraft:sprint_one_cm":160493,"minecraft:damage_taken":3645,"minecraft:walk_one_cm":84038,"minecraft:drop":12,"minecraft:damage_dealt":5667,"minecraft:swim_one_cm":5939,"minecraft:fly_one_cm":262193,"minecraft:open_chest":12,"minecraft:crouch_one_cm":2182,"minecraft:play_time":45083,"tombstone:undead_killed":5,"minecraft:deaths":5,"minecraft:sneak_time":1179,"minecraft:walk_under_water_one_cm":4924,"minecraft:jump":1203,"minecraft:walk_on_water_one_cm":9842,"minecraft:total_world_time":45083,"minecraft:fall_one_cm":43155},"minecraft:killed":{"minecraft:witch":1,"born_in_chaos_v1:diamond_termite":5,"minecraft:spider":2,"majruszsdifficulty:cursed_armor":2,"minecraft:skeleton":3,"minecraft:zombie":1,"born_in_chaos_v1:corpse_fly":2,"born_in_chaos_v1:door_knight":1}},"DataVersion":3465}