{"stats":{"minecraft:dropped":{"minecraft:dirt":4},"minecraft:mined":{"minecraft:soul_wall_torch":3,"minecraft:glass_pane":1,"minecraft:soul_torch":2,"minecraft:crafting_table":1,"minecraft:granite":2,"minecraft:oak_wood":16,"minecraft:grass_block":1,"minecraft:sugar_cane":5,"minecraft:furnace":2,"minecraft:iron_ore":17,"minecraft:deepslate_lapis_ore":4,"minecraft:grass":1,"minecraft:coal_ore":12,"minecraft:deepslate_iron_ore":7,"minecraft:sunflower":3,"minecraft:dirt":2,"minecraft:dripstone_block":1,"minecraft:smooth_quartz":2,"minecraft:stone":9,"minecraft:deepslate":13},"minecraft:crafted":{"minecraft:oak_planks":60,"minecraft:crafting_table":1,"minecraft:furnace":2,"minecraft:bucket":1,"minecraft:air":0,"minecraft:iron_boots":1,"minecraft:iron_chestplate":1,"minecraft:iron_ingot":17},"minecraft:used":{"minecraft:rotten_flesh":9,"minecraft:iron_chestplate":1,"minecraft:dirt":2,"minecraft:crafting_table":1,"minecraft:granite":2,"minecraft:iron_axe":19,"minecraft:iron_pickaxe":105,"minecraft:iron_boots":1,"minecraft:cobblestone":2,"minecraft:furnace":2,"minecraft:bucket":1,"tombstone:gift":2,"medieval_craft_weapons:spear_1":22,"minecraft:cooked_beef":12,"minecraft:iron_leggings":1,"minecraft:soul_torch":6},"minecraft:picked_up":{"born_in_chaos_v1:corpse_maggot":6,"minecraft:crafting_table":1,"magistuarmory:rustedhalfarmor_chestplate":1,"minecraft:cooked_beef":128,"minecraft:cobblestone_wall":1,"minecraft:lapis_lazuli":30,"minecraft:string":3,"minecraft:dirt":6,"minecraft:bone":4,"minecraft:cobbled_deepslate":20,"minecraft:iron_ingot":2,"minecraft:iron_pickaxe":1,"minecraft:smooth_quartz":2,"minecraft:sugar_cane":14,"minecraft:furnace":2,"minecraft:raw_iron":24,"minecraft:stick":1,"apotheosis:gem":2,"minecraft:dandelion":2,"medieval_craft_weapons:spear_1":1,"magistuarmory:rustedkettlehat":1,"minecraft:soul_torch":5,"tombstone:grave_dust":4,"magistuarmory:rustedchainmail_leggings":1,"minecraft:bundle":1,"minecraft:oak_wood":15,"minecraft:arrow":2,"minecraft:rotten_flesh":11,"minecraft:granite":2,"minecraft:oak_sapling":1,"minecraft:coal":34,"minecraft:cobblestone":9,"minecraft:sunflower":2},"minecraft:broken":{"magistuarmory:rustedcrusader_boots":1,"magistuarmory:rustedhalfarmor_chestplate":1,"magistuarmory:rustedchainmail_leggings":1},"minecraft:custom":{"minecraft:interact_with_furnace":12,"minecraft:mob_kills":7,"minecraft:interact_with_crafting_table":5,"minecraft:open_barrel":6,"minecraft:damage_dealt_resisted":0,"minecraft:time_since_death":15564,"minecraft:climb_one_cm":610,"minecraft:damage_resisted":0,"minecraft:time_since_rest":14397,"minecraft:sprint_one_cm":123695,"minecraft:damage_taken":1775,"minecraft:walk_one_cm":54183,"minecraft:drop":1,"minecraft:damage_dealt":2103,"minecraft:swim_one_cm":4928,"minecraft:fly_one_cm":193592,"minecraft:open_chest":6,"minecraft:crouch_one_cm":714,"minecraft:play_time":33083,"tombstone:undead_killed":3,"minecraft:deaths":2,"minecraft:sneak_time":365,"minecraft:walk_under_water_one_cm":4697,"minecraft:jump":868,"minecraft:walk_on_water_one_cm":8764,"minecraft:total_world_time":33083,"minecraft:fall_one_cm":32419},"minecraft:killed":{"minecraft:spider":1,"minecraft:skeleton":1,"minecraft:zombie":1,"born_in_chaos_v1:corpse_fly":2,"born_in_chaos_v1:door_knight":1}},"DataVersion":3465}