{"stats":{"minecraft:mined":{"minecraft:glass_pane":1,"minecraft:granite":2,"minecraft:grass":1,"minecraft:oak_wood":16,"minecraft:sunflower":3,"minecraft:smooth_quartz":2,"minecraft:stone":4,"minecraft:sugar_cane":5},"minecraft:crafted":{"minecraft:oak_planks":60},"minecraft:used":{"minecraft:iron_axe":18,"minecraft:iron_pickaxe":44,"minecraft:rotten_flesh":9,"minecraft:cobblestone":2,"tombstone:gift":2,"minecraft:cooked_beef":6,"minecraft:iron_leggings":1},"minecraft:picked_up":{"born_in_chaos_v1:corpse_maggot":6,"minecraft:stick":1,"apotheosis:gem":2,"magistuarmory:rustedhalfarmor_chestplate":1,"minecraft:cooked_beef":128,"minecraft:dandelion":2,"medieval_craft_weapons:spear_1":1,"tombstone:grave_dust":3,"minecraft:cobblestone_wall":1,"magistuarmory:rustedchainmail_leggings":1,"minecraft:string":2,"minecraft:bundle":1,"minecraft:oak_wood":15,"minecraft:bone":1,"minecraft:arrow":2,"minecraft:rotten_flesh":8,"minecraft:granite":2,"minecraft:smooth_quartz":2,"minecraft:iron_pickaxe":1,"minecraft:oak_sapling":1,"minecraft:sugar_cane":14,"minecraft:cobblestone":4,"minecraft:sunflower":2},"minecraft:broken":{"magistuarmory:rustedhalfarmor_chestplate":1,"magistuarmory:rustedchainmail_leggings":1},"minecraft:custom":{"minecraft:time_since_rest":2397,"minecraft:damage_taken":1407,"minecraft:sprint_one_cm":81162,"minecraft:walk_one_cm":35460,"minecraft:mob_kills":2,"minecraft:damage_dealt":898,"minecraft:swim_one_cm":4286,"minecraft:fly_one_cm":163485,"minecraft:open_barrel":6,"minecraft:open_chest":6,"minecraft:crouch_one_cm":626,"minecraft:play_time":21083,"minecraft:deaths":2,"minecraft:sneak_time":278,"minecraft:walk_under_water_one_cm":4340,"minecraft:jump":655,"minecraft:damage_dealt_resisted":0,"minecraft:climb_one_cm":610,"minecraft:time_since_death":3564,"minecraft:walk_on_water_one_cm":2157,"minecraft:total_world_time":21083,"minecraft:damage_resisted":0,"minecraft:fall_one_cm":22128},"minecraft:killed":{"born_in_chaos_v1:corpse_fly":2}},"DataVersion":3465}