{"stats":{"minecraft:mined":{"minecraft:glass_pane":1,"minecraft:stone":4},"minecraft:used":{"minecraft:rotten_flesh":5,"minecraft:cobblestone":2,"minecraft:iron_pickaxe":29},"minecraft:picked_up":{"minecraft:bundle":1,"apotheosis:gem":1,"magistuarmory:rustedhalfarmor_chestplate":1,"minecraft:arrow":2,"minecraft:rotten_flesh":8,"tombstone:grave_dust":2,"minecraft:iron_pickaxe":1,"minecraft:cobblestone_wall":1,"magistuarmory:rustedchainmail_leggings":1,"minecraft:cobblestone":4},"minecraft:custom":{"minecraft:time_since_rest":5000,"minecraft:crouch_one_cm":320,"minecraft:walk_one_cm":15387,"minecraft:play_time":9083,"minecraft:sprint_one_cm":20518,"minecraft:damage_taken":703,"minecraft:deaths":1,"minecraft:sneak_time":138,"minecraft:walk_under_water_one_cm":4273,"minecraft:jump":175,"minecraft:damage_dealt":454,"minecraft:walk_on_water_one_cm":1776,"minecraft:time_since_death":5430,"minecraft:total_world_time":9083,"minecraft:swim_one_cm":3368,"minecraft:fall_one_cm":6534,"minecraft:fly_one_cm":36154}},"DataVersion":3465}