{"stats":{"minecraft:killed_by":{"minecraft:piglin":1,"minecraft:player":1,"realmrpg_demons:chort":1,"minecraft:skeleton":1,"iceandfire:lightning_dragon":2,"antlers:wendigo":2},"minecraft:dropped":{"minecraft:iron_sword":1,"minecraft:stripped_mangrove_wood":2,"minecraft:diamond_axe":3,"minecraft:lapis_lazuli":5,"minecraft:cooked_beef":64,"minecraft:oak_log":18,"minecraft:mangrove_planks":1,"minecraft:rail":4,"minecraft:dirt":5,"minecraft:sunflower":2,"minecraft:dark_oak_planks":22,"minecraft:bone":1,"minecraft:cobbled_deepslate":60,"minecraft:wheat":1,"minecraft:rotten_flesh":27,"minecraft:gunpowder":4,"minecraft:leather_boots":1,"apotheosis:gem":1,"born_in_chaos_v1:diamond_termite_shard":5,"minecraft:leather_leggings":2,"minecraft:arrow":3,"magistuarmory:rustedkettlehat":1,"minecraft:wheat_seeds":5,"travelersbackpack:squid":1,"minecraft:oak_fence":3,"minecraft:iron_helmet":1,"minecraft:cobblestone":9,"minecraft:spruce_stairs":2,"magistuarmory:rustedgreathelm":1,"minecraft:coal":24,"minecraft:stick":6,"tombstone:grave_key":6,"minecraft:cherry_planks":20,"born_in_chaos_v1:fused_bone":4,"tombstone:grave_dust":2,"minecraft:iron_leggings":1,"minecraft:acacia_planks":3,"minecraft:dandelion":4,"travelersbackpack:diamond":3,"minecraft:soul_torch":1,"minecraft:stone_sword":3,"minecraft:tuff":48,"minecraft:iron_boots":1,"minecraft:diamond_chestplate":1,"minecraft:spruce_planks":3,"minecraft:diamond_pickaxe":2,"minecraft:mossy_stone_bricks":2,"minecraft:oak_sapling":1,"minecraft:stone_bricks":7,"medieval_craft_weapons:titanite_nugget_1":1,"minecraft:wooden_pickaxe":2},"minecraft:mined":{"minecraft:dark_oak_planks":3,"minecraft:spruce_planks":3,"minecraft:cherry_log":86,"minecraft:granite":2,"minecraft:acacia_log":8,"minecraft:grass_block":13,"world:oak":7,"born_in_chaos_v1:fel_soil_destructible":2,"minecraft:spawner":4,"minecraft:weeping_vines_plant":1,"minecraft:cobbled_deepslate":29,"minecraft:iron_ore":17,"minecraft:fire":2,"minecraft:barrel":1,"minecraft:deepslate_lapis_ore":12,"minecraft:stripped_mangrove_wood":2,"minecraft:soul_wall_torch":5,"minecraft:cut_sandstone":1,"minecraft:crimson_nylium":12,"minecraft:soul_fire":3,"born_in_chaos_v1:infected_deepslate_diamond_ore":1,"minecraft:calcite":3,"minecraft:cobblestone":3,"minecraft:sugar_cane":6,"minecraft:oak_planks":11,"minecraft:wall_torch":1,"travelersbackpack:diamond":1,"minecraft:pink_petals":20,"minecraft:jukebox":1,"minecraft:grass":18,"minecraft:oak_log":2,"minecraft:dirt":47,"minecraft:smooth_quartz":2,"minecraft:netherrack":158,"minecraft:deepslate":214,"minecraft:tuff":55,"minecraft:deepslate_diamond_ore":14,"minecraft:dark_oak_log":12,"minecraft:nether_bricks":9,"minecraft:dark_oak_fence":1,"minecraft:crimson_roots":1,"minecraft:oak_trapdoor":1,"minecraft:furnace":2,"minecraft:stripped_spruce_log":3,"minecraft:bookshelf":22,"minecraft:deepslate_iron_ore":9,"minecraft:rail":1,"minecraft:stone":39,"minecraft:glass_pane":3,"world:plantforestbig_1":3,"minecraft:cherry_planks":39,"minecraft:soul_torch":5,"minecraft:dandelion":7,"minecraft:crafting_table":4,"minecraft:smooth_sandstone":4,"minecraft:oak_wood":16,"minecraft:diorite":2,"minecraft:spruce_stairs":2,"travelersbackpack:squid":2,"minecraft:mangrove_planks":1,"minecraft:coal_ore":12,"minecraft:cherry_leaves":8,"minecraft:sunflower":3,"minecraft:cyan_carpet":1,"minecraft:dripstone_block":1,"minecraft:cracked_stone_bricks":2,"minecraft:stone_bricks":17,"minecraft:mossy_stone_bricks":2},"minecraft:crafted":{"minecraft:oak_planks":124,"travelersbackpack:diamond":1,"minecraft:iron_boots":2,"tombstone:grave_key":1,"minecraft:chest":4,"minecraft:crafting_table":5,"minecraft:wooden_pickaxe":2,"minecraft:iron_chestplate":1,"minecraft:diamond_pickaxe":2,"minecraft:stick":16,"minecraft:iron_ingot":17,"shieldexp:wooden_shield":1,"minecraft:stone_sword":1,"minecraft:cherry_planks":272,"minecraft:furnace":2,"shieldexp:diamond_shield":1,"minecraft:stone_pickaxe":1,"minecraft:dark_oak_planks":44,"minecraft:iron_sword":1,"minecraft:bucket":2,"minecraft:air":0,"minecraft:iron_leggings":1,"minecraft:acacia_planks":32,"minecraft:diamond_chestplate":1},"minecraft:used":{"minecraft:cherry_sapling":6,"minecraft:chest":4,"minecraft:iron_sword":320,"travelersbackpack:diamond":9,"minecraft:rotten_flesh":9,"minecraft:iron_chestplate":1,"minecraft:nether_bricks":8,"minecraft:tuff":7,"minecraft:lava_bucket":2,"minecraft:stone_bricks":5,"minecraft:furnace":3,"minecraft:stone_pickaxe":131,"minecraft:oak_planks":85,"minecraft:wooden_pickaxe":44,"minecraft:diamond_axe":379,"tombstone:grave_key":1,"minecraft:stone_sword":17,"minecraft:netherrack":131,"minecraft:dirt":58,"minecraft:granite":2,"minecraft:dark_oak_planks":45,"minecraft:iron_axe":26,"minecraft:smooth_sandstone":2,"travelersbackpack:squid":3,"minecraft:iron_boots":1,"world:oak":4,"tombstone:gift":6,"medieval_craft_weapons:spear_1":44,"minecraft:cooked_beef":109,"minecraft:acacia_planks":20,"minecraft:cobbled_deepslate":237,"minecraft:cherry_log":1,"minecraft:iron_leggings":1,"minecraft:calcite":3,"minecraft:water_bucket":48,"tombstone:scroll_of_reach":3,"minecraft:cherry_planks":304,"minecraft:cut_sandstone":1,"minecraft:crafting_table":9,"minecraft:diamond_pickaxe":227,"minecraft:iron_pickaxe":282,"born_in_chaos_v1:baby_skeleton_spawn_egg":2,"minecraft:pink_petals":2,"minecraft:cobblestone":21,"minecraft:turtle_helmet":1,"minecraft:bucket":52,"minecraft:dandelion":5,"minecraft:soul_torch":16},"minecraft:picked_up":{"minecraft:wheat":3,"minecraft:potion":1,"minecraft:enchanted_book":1,"tombstone:grave_key":3,"minecraft:string":7,"travelersbackpack:diamond":4,"minecraft:iron_leggings":1,"alexsmobs:blood_sac":2,"minecraft:gold_nugget":1,"minecraft:cobbled_deepslate":309,"minecraft:spruce_planks":6,"minecraft:calcite":3,"minecraft:smooth_quartz":2,"minecraft:iron_pickaxe":1,"born_in_chaos_v1:stimulating_decoction":2,"minecraft:furnace":2,"minecraft:iron_boots":2,"minecraft:stick":9,"apotheosis:gem":4,"minecraft:jukebox":1,"minecraft:oak_fence":3,"minecraft:acacia_log":8,"minecraft:porkchop":3,"minecraft:spruce_stairs":2,"minecraft:sandstone_wall":1,"medieval_craft_weapons:spear_1":1,"minecraft:cherry_log":86,"tombstone:grave_dust":9,"minecraft:diorite":2,"minecraft:stone_sword":3,"minecraft:rotten_flesh":42,"born_in_chaos_v1:baby_skeleton_spawn_egg":2,"minecraft:blaze_rod":1,"minecraft:cobblestone":44,"minecraft:pink_petals":26,"minecraft:cooked_beef":192,"minecraft:cherry_planks":57,"minecraft:tuff":55,"minecraft:smooth_sandstone_stairs":2,"minecraft:lapis_lazuli":88,"minecraft:dirt":57,"minecraft:leather_boots":1,"minecraft:bone":16,"minecraft:acacia_planks":3,"minecraft:wheat_seeds":3,"minecraft:mossy_stone_bricks":2,"minecraft:diamond_helmet":1,"minecraft:oak_planks":13,"travelersbackpack:squid":3,"minecraft:stripped_spruce_log":1,"magistuarmory:rustedgreathelm":2,"minecraft:dark_oak_log":11,"tombstone:scroll_of_mercy":2,"world:oak":7,"minecraft:bundle":1,"born_in_chaos_v1:fire_dust":2,"minecraft:diamond":14,"minecraft:granite":2,"minecraft:golden_horse_armor":1,"minecraft:bread":1,"alexsmobs:maggot":7,"minecraft:oak_sapling":2,"minecraft:netherrack":144,"minecraft:crimson_roots":1,"minecraft:diamond_pickaxe":1,"born_in_chaos_v1:diamond_termite_shard":5,"minecraft:crafting_table":4,"iceandfire:witherbone":1,"minecraft:turtle_helmet":1,"minecraft:leather_leggings":2,"minecraft:wooden_pickaxe":1,"minecraft:chain":3,"minecraft:shield":1,"minecraft:oak_trapdoor":1,"born_in_chaos_v1:intoxicating_decoction":1,"minecraft:item_frame":2,"minecraft:cracked_stone_bricks":2,"minecraft:beef":11,"minecraft:iron_nugget":1,"minecraft:sugar_cane":17,"minecraft:raw_iron":33,"minecraft:stripped_mangrove_wood":2,"medieval_craft_weapons:titanite_nugget_1":3,"magistuarmory:rustedkettlehat":1,"born_in_chaos_v1:pieceofdarkmetal":1,"minecraft:carrot":1,"minecraft:dark_oak_planks":23,"minecraft:arrow":8,"minecraft:weeping_vines":1,"minecraft:diamond_chestplate":1,"minecraft:nether_bricks":8,"minecraft:rail":4,"born_in_chaos_v1:fused_bone":4,"born_in_chaos_v1:corpse_maggot":15,"magistuarmory:rustedhalfarmor_chestplate":1,"born_in_chaos_v1:monster_flesh":1,"minecraft:cut_sandstone":1,"minecraft:leather":7,"minecraft:oak_log":18,"minecraft:cobblestone_wall":1,"alexsmobs:mosquito_proboscis":1,"minecraft:smooth_sandstone":7,"minecraft:stone_bricks":17,"minecraft:iron_ingot":4,"minecraft:stripped_oak_wood":4,"minecraft:mangrove_planks":1,"minecraft:iron_sword":1,"minecraft:book":63,"born_in_chaos_v1:siamese_skeletonsright_spawn_egg":1,"iceandfire:ash":1,"born_in_chaos_v1:ethereal_spirit":2,"minecraft:dandelion":6,"minecraft:soul_torch":16,"magistuarmory:rustedchainmail_leggings":1,"minecraft:oak_wood":15,"minecraft:iron_helmet":1,"minecraft:diamond_axe":3,"minecraft:cherry_sapling":6,"minecraft:coal":89,"minecraft:ender_pearl":1,"minecraft:sunflower":2},"minecraft:broken":{"magistuarmory:rustedcrusader_boots":1,"minecraft:iron_boots":1,"medieval_craft_weapons:spear_1":1,"minecraft:stone_pickaxe":1,"minecraft:iron_sword":2,"magistuarmory:rustedhalfarmor_chestplate":1,"magistuarmory:rustedchainmail_leggings":1},"minecraft:custom":{"minecraft:interact_with_crafting_table":30,"minecraft:open_barrel":31,"minecraft:leave_game":4,"minecraft:time_since_death":22629,"minecraft:damage_resisted":0,"minecraft:sprint_one_cm":690569,"minecraft:drop":96,"minecraft:play_time":255869,"minecraft:deaths":49,"minecraft:jump":6319,"minecraft:walk_on_water_one_cm":39235,"minecraft:interact_with_furnace":18,"minecraft:sleep_in_bed":1,"minecraft:damage_dealt":22186,"minecraft:crouch_one_cm":90444,"tombstone:undead_killed":28,"minecraft:mob_kills":81,"minecraft:damage_dealt_resisted":101,"minecraft:climb_one_cm":7070,"minecraft:walk_one_cm":388675,"minecraft:sneak_time":34283,"minecraft:walk_under_water_one_cm":25508,"minecraft:boat_one_cm":13950,"minecraft:interact_with_blast_furnace":1,"minecraft:total_world_time":255869,"tombstone:raider_killed":1,"minecraft:time_since_rest":22421,"minecraft:damage_taken":36013,"minecraft:swim_one_cm":74655,"minecraft:fly_one_cm":1481181,"minecraft:open_chest":103,"minecraft:fall_one_cm":178217},"minecraft:killed":{"born_in_chaos_v1:zombie_clown":1,"minecraft:zombified_piglin":1,"minecraft:witch":1,"born_in_chaos_v1:restless_spirit":3,"born_in_chaos_v1:door_knight_not_despawn":1,"minecraft:spider":4,"medieval_craft_weapons:knight":12,"born_in_chaos_v1:siamese_skeletonsright":2,"born_in_chaos_v1:baby_skeleton_minion":1,"minecraft:skeleton":4,"realmrpg_demons:chort":4,"majruszsdifficulty:creeperling":1,"minecraft:skeleton_horse":1,"minecraft:piglin_brute":1,"minecraft:piglin":1,"born_in_chaos_v1:diamond_termite":5,"born_in_chaos_v1:bone_imp":1,"minecraft:zombie":5,"born_in_chaos_v1:corpse_fly":2,"born_in_chaos_v1:door_knight":1,"minecraft:cow":5,"born_in_chaos_v1:siamese_skeletonsleft":2,"minecraft:blaze":1,"born_in_chaos_v1:firelight":1,"born_in_chaos_v1:maggot":4,"alexsmobs:flying_fish":1,"world:goblin":2,"minecraft:husk":5,"majruszsdifficulty:cursed_armor":2,"minecraft:frog":1,"born_in_chaos_v1:decrepit_skeleton":3}},"DataVersion":3465}