{"stats":{"minecraft:killed_by":{"minecraft:player":1,"realmrpg_demons:chort":1,"minecraft:skeleton":1,"iceandfire:lightning_dragon":2,"antlers:wendigo":2},"minecraft:dropped":{"minecraft:iron_sword":1,"minecraft:stripped_mangrove_wood":2,"magistuarmory:rustedkettlehat":1,"minecraft:wheat_seeds":3,"minecraft:diamond_axe":1,"minecraft:lapis_lazuli":5,"minecraft:oak_log":2,"minecraft:oak_fence":3,"minecraft:cobblestone":9,"minecraft:mangrove_planks":1,"minecraft:spruce_stairs":2,"minecraft:rail":4,"magistuarmory:rustedgreathelm":1,"minecraft:coal":24,"minecraft:stick":6,"minecraft:dirt":5,"tombstone:grave_key":6,"minecraft:cherry_planks":20,"born_in_chaos_v1:fused_bone":4,"minecraft:sunflower":2,"minecraft:dark_oak_planks":22,"minecraft:dandelion":2,"minecraft:bone":1,"travelersbackpack:diamond":2,"minecraft:soul_torch":1,"minecraft:stone_sword":3,"minecraft:cobbled_deepslate":60,"minecraft:tuff":48,"minecraft:wheat":1,"minecraft:rotten_flesh":23,"minecraft:gunpowder":4,"apotheosis:gem":1,"minecraft:leather_boots":1,"minecraft:mossy_stone_bricks":2,"minecraft:oak_sapling":1,"born_in_chaos_v1:diamond_termite_shard":5,"minecraft:leather_leggings":2,"minecraft:stone_bricks":7,"minecraft:arrow":3,"minecraft:wooden_pickaxe":1},"minecraft:mined":{"minecraft:dark_oak_planks":3,"minecraft:tuff":55,"minecraft:deepslate_diamond_ore":14,"minecraft:cherry_log":86,"minecraft:dark_oak_log":12,"minecraft:dark_oak_fence":1,"minecraft:granite":2,"minecraft:acacia_log":8,"minecraft:grass_block":12,"world:oak":7,"born_in_chaos_v1:fel_soil_destructible":1,"minecraft:spawner":4,"minecraft:oak_trapdoor":1,"minecraft:furnace":2,"minecraft:iron_ore":17,"minecraft:barrel":1,"minecraft:fire":1,"minecraft:cobbled_deepslate":29,"minecraft:stripped_spruce_log":3,"minecraft:deepslate_lapis_ore":12,"minecraft:bookshelf":22,"minecraft:deepslate_iron_ore":9,"minecraft:rail":1,"minecraft:stripped_mangrove_wood":2,"minecraft:stone":35,"minecraft:cut_sandstone":1,"minecraft:soul_wall_torch":5,"minecraft:cherry_planks":39,"minecraft:glass_pane":3,"world:plantforestbig_1":3,"minecraft:soul_torch":5,"minecraft:dandelion":7,"minecraft:smooth_sandstone":4,"minecraft:crafting_table":4,"born_in_chaos_v1:infected_deepslate_diamond_ore":1,"minecraft:oak_wood":16,"minecraft:calcite":3,"minecraft:cobblestone":3,"minecraft:oak_planks":11,"minecraft:sugar_cane":6,"minecraft:diorite":2,"minecraft:wall_torch":1,"minecraft:pink_petals":20,"minecraft:spruce_stairs":2,"travelersbackpack:squid":1,"minecraft:jukebox":1,"minecraft:mangrove_planks":1,"minecraft:grass":17,"minecraft:coal_ore":12,"minecraft:oak_log":2,"minecraft:cyan_carpet":1,"minecraft:cherry_leaves":5,"minecraft:smooth_quartz":2,"minecraft:sunflower":3,"minecraft:dirt":17,"minecraft:dripstone_block":1,"minecraft:cracked_stone_bricks":2,"minecraft:stone_bricks":15,"minecraft:mossy_stone_bricks":2,"minecraft:deepslate":214},"minecraft:crafted":{"minecraft:cherry_planks":272,"minecraft:oak_planks":60,"minecraft:furnace":2,"travelersbackpack:diamond":1,"minecraft:iron_boots":2,"tombstone:grave_key":1,"minecraft:stone_pickaxe":1,"minecraft:chest":4,"minecraft:dark_oak_planks":44,"minecraft:crafting_table":4,"minecraft:wooden_pickaxe":2,"minecraft:iron_sword":1,"minecraft:bucket":1,"minecraft:air":0,"minecraft:iron_chestplate":1,"minecraft:diamond_pickaxe":1,"minecraft:stick":12,"minecraft:iron_ingot":17,"shieldexp:wooden_shield":1,"minecraft:iron_leggings":1,"minecraft:acacia_planks":32,"minecraft:diamond_chestplate":1},"minecraft:used":{"minecraft:cherry_sapling":6,"minecraft:chest":4,"minecraft:iron_sword":255,"minecraft:rotten_flesh":9,"travelersbackpack:diamond":5,"minecraft:iron_chestplate":1,"minecraft:dirt":12,"minecraft:tuff":7,"minecraft:granite":2,"minecraft:dark_oak_planks":45,"minecraft:iron_axe":26,"minecraft:smooth_sandstone":2,"travelersbackpack:squid":2,"minecraft:iron_boots":1,"minecraft:stone_bricks":5,"world:oak":4,"minecraft:furnace":3,"tombstone:gift":6,"medieval_craft_weapons:spear_1":44,"minecraft:cooked_beef":67,"minecraft:cobbled_deepslate":237,"minecraft:acacia_planks":20,"minecraft:cherry_log":1,"minecraft:iron_leggings":1,"minecraft:calcite":3,"minecraft:water_bucket":45,"minecraft:stone_pickaxe":131,"minecraft:oak_planks":35,"minecraft:cut_sandstone":1,"minecraft:wooden_pickaxe":44,"minecraft:cherry_planks":263,"minecraft:diamond_axe":379,"minecraft:crafting_table":8,"minecraft:diamond_pickaxe":39,"minecraft:iron_pickaxe":282,"born_in_chaos_v1:baby_skeleton_spawn_egg":2,"tombstone:grave_key":1,"minecraft:pink_petals":2,"minecraft:cobblestone":21,"minecraft:turtle_helmet":1,"minecraft:bucket":46,"minecraft:dandelion":5,"minecraft:soul_torch":16},"minecraft:picked_up":{"minecraft:crafting_table":4,"born_in_chaos_v1:diamond_termite_shard":5,"minecraft:wheat":3,"minecraft:turtle_helmet":1,"minecraft:leather_leggings":2,"minecraft:potion":1,"minecraft:enchanted_book":1,"tombstone:grave_key":3,"minecraft:chain":3,"minecraft:oak_trapdoor":1,"minecraft:string":3,"travelersbackpack:diamond":2,"born_in_chaos_v1:intoxicating_decoction":1,"minecraft:item_frame":2,"minecraft:cracked_stone_bricks":2,"minecraft:cobbled_deepslate":309,"minecraft:beef":11,"minecraft:calcite":3,"minecraft:smooth_quartz":2,"minecraft:iron_pickaxe":1,"born_in_chaos_v1:stimulating_decoction":2,"minecraft:sugar_cane":17,"minecraft:furnace":2,"minecraft:stick":9,"minecraft:raw_iron":33,"apotheosis:gem":4,"minecraft:stripped_mangrove_wood":2,"minecraft:jukebox":1,"minecraft:oak_fence":3,"minecraft:acacia_log":8,"medieval_craft_weapons:titanite_nugget_1":2,"minecraft:spruce_stairs":2,"medieval_craft_weapons:spear_1":1,"minecraft:sandstone_wall":1,"minecraft:porkchop":3,"magistuarmory:rustedkettlehat":1,"minecraft:cherry_log":86,"tombstone:grave_dust":6,"minecraft:diorite":2,"born_in_chaos_v1:pieceofdarkmetal":1,"minecraft:carrot":1,"minecraft:dark_oak_planks":23,"minecraft:stone_sword":3,"minecraft:arrow":8,"minecraft:rotten_flesh":35,"born_in_chaos_v1:baby_skeleton_spawn_egg":2,"minecraft:rail":4,"minecraft:cobblestone":40,"born_in_chaos_v1:fused_bone":4,"born_in_chaos_v1:corpse_maggot":9,"minecraft:pink_petals":26,"magistuarmory:rustedhalfarmor_chestplate":1,"minecraft:cooked_beef":128,"born_in_chaos_v1:monster_flesh":1,"minecraft:cherry_planks":57,"minecraft:cut_sandstone":1,"minecraft:leather":7,"minecraft:tuff":55,"minecraft:smooth_sandstone_stairs":2,"minecraft:oak_log":2,"minecraft:cobblestone_wall":1,"minecraft:lapis_lazuli":88,"minecraft:dirt":26,"minecraft:leather_boots":1,"minecraft:smooth_sandstone":7,"minecraft:bone":15,"minecraft:stone_bricks":15,"minecraft:wheat_seeds":3,"minecraft:iron_ingot":2,"minecraft:stripped_oak_wood":4,"minecraft:mossy_stone_bricks":2,"minecraft:mangrove_planks":1,"minecraft:iron_sword":1,"minecraft:oak_planks":13,"minecraft:book":63,"born_in_chaos_v1:siamese_skeletonsright_spawn_egg":1,"travelersbackpack:squid":2,"iceandfire:ash":1,"born_in_chaos_v1:ethereal_spirit":2,"minecraft:dandelion":5,"minecraft:stripped_spruce_log":1,"minecraft:soul_torch":16,"magistuarmory:rustedchainmail_leggings":1,"magistuarmory:rustedgreathelm":2,"minecraft:dark_oak_log":11,"world:oak":7,"tombstone:scroll_of_mercy":2,"minecraft:bundle":1,"minecraft:oak_wood":15,"minecraft:diamond":14,"minecraft:granite":2,"minecraft:diamond_axe":1,"minecraft:cherry_sapling":6,"minecraft:golden_horse_armor":1,"minecraft:oak_sapling":2,"minecraft:coal":87,"minecraft:sunflower":2,"minecraft:ender_pearl":1},"minecraft:broken":{"magistuarmory:rustedcrusader_boots":1,"minecraft:iron_boots":1,"medieval_craft_weapons:spear_1":1,"minecraft:stone_pickaxe":1,"minecraft:iron_sword":1,"magistuarmory:rustedhalfarmor_chestplate":1,"magistuarmory:rustedchainmail_leggings":1},"minecraft:custom":{"minecraft:mob_kills":70,"minecraft:interact_with_crafting_table":24,"minecraft:open_barrel":31,"minecraft:damage_dealt_resisted":101,"minecraft:leave_game":4,"minecraft:time_since_death":2331,"minecraft:damage_resisted":0,"minecraft:climb_one_cm":6742,"minecraft:sprint_one_cm":578852,"minecraft:walk_one_cm":327598,"minecraft:drop":74,"minecraft:play_time":214172,"minecraft:sneak_time":22572,"minecraft:deaths":47,"minecraft:walk_under_water_one_cm":25141,"minecraft:boat_one_cm":13950,"minecraft:jump":5546,"minecraft:interact_with_blast_furnace":1,"minecraft:walk_on_water_one_cm":36435,"minecraft:total_world_time":214172,"minecraft:interact_with_furnace":18,"tombstone:raider_killed":1,"minecraft:sleep_in_bed":1,"minecraft:time_since_rest":1795,"minecraft:damage_taken":31554,"minecraft:damage_dealt":19620,"minecraft:swim_one_cm":69412,"minecraft:fly_one_cm":1340562,"minecraft:open_chest":75,"minecraft:crouch_one_cm":57575,"tombstone:undead_killed":23,"minecraft:fall_one_cm":146150},"minecraft:killed":{"born_in_chaos_v1:zombie_clown":1,"minecraft:witch":1,"born_in_chaos_v1:restless_spirit":3,"born_in_chaos_v1:door_knight_not_despawn":1,"minecraft:spider":4,"medieval_craft_weapons:knight":12,"born_in_chaos_v1:siamese_skeletonsright":2,"born_in_chaos_v1:baby_skeleton_minion":1,"born_in_chaos_v1:maggot":3,"minecraft:skeleton":4,"realmrpg_demons:chort":4,"minecraft:skeleton_horse":1,"alexsmobs:flying_fish":1,"world:goblin":2,"minecraft:husk":5,"born_in_chaos_v1:diamond_termite":5,"minecraft:frog":1,"majruszsdifficulty:cursed_armor":2,"born_in_chaos_v1:decrepit_skeleton":3,"minecraft:zombie":2,"born_in_chaos_v1:corpse_fly":2,"born_in_chaos_v1:door_knight":1,"born_in_chaos_v1:siamese_skeletonsleft":2,"minecraft:cow":5}},"DataVersion":3465}