{"stats":{"minecraft:killed_by":{"minecraft:player":1,"realmrpg_demons:chort":1,"antlers:wendigo":1},"minecraft:dropped":{"minecraft:iron_sword":1,"magistuarmory:rustedkettlehat":1,"minecraft:diamond_axe":1,"minecraft:oak_log":2,"minecraft:cobblestone":8,"minecraft:oak_fence":3,"minecraft:spruce_stairs":2,"minecraft:coal":24,"magistuarmory:rustedgreathelm":1,"minecraft:rail":4,"minecraft:stick":1,"minecraft:dirt":5,"tombstone:grave_key":3,"born_in_chaos_v1:fused_bone":4,"minecraft:sunflower":2,"minecraft:dark_oak_planks":21,"minecraft:dandelion":2,"travelersbackpack:diamond":2,"minecraft:soul_torch":1,"minecraft:stone_sword":3,"minecraft:cobbled_deepslate":11,"minecraft:tuff":48,"minecraft:wheat":1,"minecraft:rotten_flesh":19,"minecraft:gunpowder":4,"minecraft:leather_boots":1,"minecraft:mossy_stone_bricks":2,"minecraft:oak_sapling":1,"born_in_chaos_v1:diamond_termite_shard":5,"minecraft:leather_leggings":2,"minecraft:stone_bricks":7,"minecraft:arrow":3,"minecraft:wooden_pickaxe":1},"minecraft:mined":{"minecraft:dark_oak_planks":3,"minecraft:tuff":55,"minecraft:deepslate_diamond_ore":14,"minecraft:dark_oak_log":12,"minecraft:granite":2,"minecraft:dark_oak_fence":1,"minecraft:grass_block":5,"minecraft:spawner":4,"minecraft:oak_trapdoor":1,"minecraft:furnace":2,"minecraft:cobbled_deepslate":10,"minecraft:iron_ore":17,"minecraft:fire":1,"minecraft:barrel":1,"minecraft:stripped_spruce_log":3,"minecraft:deepslate_lapis_ore":4,"minecraft:bookshelf":22,"minecraft:deepslate_iron_ore":9,"minecraft:rail":1,"minecraft:stripped_mangrove_wood":2,"minecraft:stone":9,"minecraft:soul_wall_torch":5,"minecraft:glass_pane":3,"world:plantforestbig_1":2,"minecraft:soul_torch":5,"minecraft:dandelion":4,"minecraft:crafting_table":4,"born_in_chaos_v1:infected_deepslate_diamond_ore":1,"minecraft:oak_wood":16,"minecraft:calcite":2,"minecraft:cobblestone":1,"minecraft:sugar_cane":6,"minecraft:oak_planks":11,"minecraft:spruce_stairs":2,"minecraft:jukebox":1,"minecraft:mangrove_planks":1,"minecraft:grass":6,"minecraft:oak_log":2,"minecraft:coal_ore":12,"minecraft:cyan_carpet":1,"minecraft:sunflower":3,"minecraft:dirt":4,"minecraft:dripstone_block":1,"minecraft:smooth_quartz":2,"minecraft:cracked_stone_bricks":2,"minecraft:stone_bricks":12,"minecraft:mossy_stone_bricks":2,"minecraft:deepslate":150},"minecraft:crafted":{"minecraft:oak_planks":60,"minecraft:furnace":2,"travelersbackpack:diamond":1,"minecraft:iron_boots":1,"minecraft:stone_pickaxe":1,"minecraft:dark_oak_planks":44,"minecraft:crafting_table":2,"minecraft:wooden_pickaxe":1,"minecraft:iron_sword":1,"minecraft:bucket":1,"minecraft:air":0,"minecraft:iron_chestplate":1,"minecraft:stick":4,"minecraft:iron_ingot":17},"minecraft:used":{"minecraft:iron_sword":250,"minecraft:rotten_flesh":9,"travelersbackpack:diamond":5,"minecraft:iron_chestplate":1,"minecraft:dirt":6,"minecraft:tuff":7,"minecraft:granite":2,"minecraft:dark_oak_planks":45,"minecraft:iron_axe":26,"minecraft:iron_boots":1,"minecraft:stone_bricks":2,"minecraft:furnace":3,"tombstone:gift":4,"medieval_craft_weapons:spear_1":44,"minecraft:cooked_beef":50,"minecraft:cobbled_deepslate":99,"minecraft:iron_leggings":1,"minecraft:water_bucket":37,"minecraft:stone_pickaxe":131,"minecraft:oak_planks":35,"minecraft:wooden_pickaxe":44,"minecraft:diamond_axe":226,"minecraft:crafting_table":6,"minecraft:iron_pickaxe":188,"minecraft:cobblestone":11,"minecraft:bucket":38,"minecraft:dandelion":4,"minecraft:soul_torch":16},"minecraft:picked_up":{"born_in_chaos_v1:diamond_termite_shard":5,"minecraft:crafting_table":4,"minecraft:wheat":3,"minecraft:leather_leggings":2,"minecraft:potion":1,"tombstone:grave_key":2,"minecraft:chain":3,"minecraft:string":3,"minecraft:oak_trapdoor":1,"travelersbackpack:diamond":2,"born_in_chaos_v1:intoxicating_decoction":1,"minecraft:cracked_stone_bricks":2,"minecraft:cobbled_deepslate":171,"minecraft:beef":11,"minecraft:calcite":2,"minecraft:smooth_quartz":2,"minecraft:iron_pickaxe":1,"born_in_chaos_v1:stimulating_decoction":2,"minecraft:sugar_cane":17,"minecraft:furnace":2,"minecraft:stick":4,"minecraft:raw_iron":33,"apotheosis:gem":3,"minecraft:jukebox":1,"minecraft:oak_fence":3,"medieval_craft_weapons:titanite_nugget_1":2,"minecraft:spruce_stairs":2,"medieval_craft_weapons:spear_1":1,"magistuarmory:rustedkettlehat":1,"tombstone:grave_dust":6,"born_in_chaos_v1:pieceofdarkmetal":1,"minecraft:carrot":1,"minecraft:dark_oak_planks":22,"minecraft:stone_sword":3,"minecraft:arrow":8,"minecraft:rotten_flesh":29,"born_in_chaos_v1:baby_skeleton_spawn_egg":1,"minecraft:rail":4,"minecraft:cobblestone":10,"born_in_chaos_v1:fused_bone":4,"born_in_chaos_v1:corpse_maggot":9,"magistuarmory:rustedhalfarmor_chestplate":1,"minecraft:cooked_beef":128,"minecraft:leather":7,"minecraft:tuff":55,"minecraft:oak_log":2,"minecraft:cobblestone_wall":1,"minecraft:lapis_lazuli":30,"minecraft:dirt":9,"minecraft:leather_boots":1,"minecraft:bone":14,"minecraft:stone_bricks":12,"minecraft:wheat_seeds":1,"minecraft:iron_ingot":2,"minecraft:mossy_stone_bricks":2,"minecraft:iron_sword":1,"minecraft:oak_planks":12,"minecraft:book":63,"born_in_chaos_v1:siamese_skeletonsright_spawn_egg":1,"born_in_chaos_v1:ethereal_spirit":2,"minecraft:dandelion":4,"minecraft:stripped_spruce_log":1,"minecraft:soul_torch":16,"magistuarmory:rustedchainmail_leggings":1,"magistuarmory:rustedgreathelm":2,"minecraft:dark_oak_log":11,"tombstone:scroll_of_mercy":2,"minecraft:bundle":1,"minecraft:oak_wood":15,"minecraft:diamond":14,"minecraft:granite":2,"minecraft:diamond_axe":1,"minecraft:golden_horse_armor":1,"minecraft:oak_sapling":1,"minecraft:coal":87,"minecraft:sunflower":2},"minecraft:broken":{"magistuarmory:rustedcrusader_boots":1,"medieval_craft_weapons:spear_1":1,"minecraft:stone_pickaxe":1,"minecraft:iron_sword":1,"magistuarmory:rustedhalfarmor_chestplate":1,"magistuarmory:rustedchainmail_leggings":1},"minecraft:custom":{"minecraft:mob_kills":68,"minecraft:interact_with_crafting_table":12,"minecraft:open_barrel":31,"minecraft:damage_dealt_resisted":101,"minecraft:leave_game":1,"minecraft:time_since_death":291,"minecraft:climb_one_cm":4068,"minecraft:damage_resisted":0,"minecraft:sprint_one_cm":362717,"minecraft:walk_one_cm":213669,"minecraft:drop":49,"minecraft:play_time":122666,"minecraft:sneak_time":10617,"minecraft:deaths":26,"minecraft:walk_under_water_one_cm":19983,"minecraft:jump":2851,"minecraft:interact_with_blast_furnace":1,"minecraft:walk_on_water_one_cm":28947,"minecraft:total_world_time":122666,"minecraft:interact_with_furnace":14,"tombstone:raider_killed":1,"minecraft:time_since_rest":1,"minecraft:damage_taken":13893,"minecraft:damage_dealt":18964,"minecraft:swim_one_cm":42579,"minecraft:fly_one_cm":636589,"minecraft:open_chest":47,"minecraft:crouch_one_cm":17530,"tombstone:undead_killed":22,"minecraft:fall_one_cm":75764},"minecraft:killed":{"born_in_chaos_v1:zombie_clown":1,"minecraft:witch":1,"born_in_chaos_v1:restless_spirit":3,"born_in_chaos_v1:door_knight_not_despawn":1,"minecraft:spider":3,"medieval_craft_weapons:knight":12,"born_in_chaos_v1:siamese_skeletonsright":2,"born_in_chaos_v1:baby_skeleton_minion":1,"born_in_chaos_v1:maggot":3,"minecraft:skeleton":4,"realmrpg_demons:chort":4,"alexsmobs:flying_fish":1,"world:goblin":2,"minecraft:husk":5,"born_in_chaos_v1:diamond_termite":5,"minecraft:frog":1,"majruszsdifficulty:cursed_armor":2,"born_in_chaos_v1:decrepit_skeleton":3,"minecraft:zombie":2,"born_in_chaos_v1:corpse_fly":2,"born_in_chaos_v1:door_knight":1,"born_in_chaos_v1:siamese_skeletonsleft":2,"minecraft:cow":5}},"DataVersion":3465}